raw_hr,HRV_SDSD,HRV_MaxNN,HRV_CVNN,drowsiness_label,Time_Period,Smooth_BPM,HRV_SDNN,Drive_Duration,HRV_RMSSD
82.9000015258789,24.01160947153226,774.1935483870968,0.023540991618074363,1,2,80.06666819254558,17.4953376615612,0.0,22.292519175995178
79.80000305175781,24.01160947153226,774.1935483870968,0.023540991618074363,1,2,80.06666819254558,17.4953376615612,8.571428000000001,22.292519175995178
77.5,24.01160947153226,774.1935483870968,0.023540991618074363,1,2,80.06666819254558,17.4953376615612,17.142857,22.292519175995178
80.9000015258789,24.01160947153226,774.1935483870968,0.023540991618074363,1,2,81.66666666666667,17.4953376615612,25.714285,22.292519175995178
82.9000015258789,24.01160947153226,774.1935483870968,0.023540991618074363,1,2,81.66666666666667,17.4953376615612,34.285714,22.292519175995178
81.19999694824219,24.01160947153226,774.1935483870968,0.023540991618074363,1,2,81.66666666666667,17.4953376615612,42.857142,22.292519175995178
80.19999694824219,24.01160947153226,774.1935483870968,0.023540991618074363,1,2,80.19999694824219,17.4953376615612,51.428571,22.292519175995178
80.19999694824219,19.936434532162714,748.1297042781879,0.01977898152128081,1,2,82.33333079020183,14.347292894154108,60.0,19.05347614410772
81.69999694824219,19.936434532162714,748.1297042781879,0.01977898152128081,1,2,82.33333079020183,14.347292894154108,68.571428,19.05347614410772
85.0999984741211,19.936434532162714,748.1297042781879,0.01977898152128081,1,2,82.33333079020183,14.347292894154108,77.142857,19.05347614410772
82.0,19.936434532162714,748.1297042781879,0.01977898152128081,1,2,82.73333231608073,14.347292894154108,85.714285,19.05347614410772
83.5999984741211,19.936434532162714,748.1297042781879,0.01977898152128081,1,2,82.73333231608073,14.347292894154108,94.285714,19.05347614410772
82.5999984741211,19.936434532162714,748.1297042781879,0.01977898152128081,1,2,82.73333231608073,14.347292894154108,102.857142,19.05347614410772
84.0,19.936434532162714,748.1297042781879,0.01977898152128081,1,2,84.0,14.347292894154108,111.428571,19.05347614410772
84.0,22.855396164039345,714.2857142857143,0.03369236350514172,1,2,84.96666717529297,23.411696525174328,120.0,24.294531945891162
86.0,22.855396164039345,714.2857142857143,0.03369236350514172,1,2,84.96666717529297,23.411696525174328,130.0,24.294531945891162
84.9000015258789,22.855396164039345,714.2857142857143,0.03369236350514172,1,2,84.96666717529297,23.411696525174328,140.0,24.294531945891162
85.4000015258789,22.855396164039345,714.2857142857143,0.03369236350514172,1,2,87.9000015258789,23.411696525174328,150.0,24.294531945891162
85.80000305175781,22.855396164039345,714.2857142857143,0.03369236350514172,1,2,87.9000015258789,23.411696525174328,160.0,24.294531945891162
92.5,22.855396164039345,714.2857142857143,0.03369236350514172,1,2,87.9000015258789,23.411696525174328,170.0,24.294531945891162
92.5,27.361160670609173,734.3941522789852,0.043799420275343295,1,2,90.0,30.462188770581687,180.0,28.776574573246766
87.0999984741211,27.361160670609173,734.3941522789852,0.043799420275343295,1,2,90.0,30.462188770581687,188.571428,28.776574573246766
90.4000015258789,27.361160670609173,734.3941522789852,0.043799420275343295,1,2,90.0,30.462188770581687,197.142857,28.776574573246766
85.0,27.361160670609173,734.3941522789852,0.043799420275343295,1,2,84.39999898274739,30.462188770581687,205.714285,28.776574573246766
83.5,27.361160670609173,734.3941522789852,0.043799420275343295,1,2,84.39999898274739,30.462188770581687,214.285714,28.776574573246766
84.69999694824219,27.361160670609173,734.3941522789852,0.043799420275343295,1,2,84.39999898274739,30.462188770581687,222.857142,28.776574573246766
81.69999694824219,27.361160670609173,734.3941522789852,0.043799420275343295,1,2,81.69999694824219,30.462188770581687,231.428571,28.776574573246766
81.69999694824219,25.548581847528805,736.1963190184049,0.04181514282396681,1,2,82.56666564941406,29.54294087155786,240.0,25.76221731080927
81.5,25.548581847528805,736.1963190184049,0.04181514282396681,1,2,82.56666564941406,29.54294087155786,250.0,25.76221731080927
84.5,25.548581847528805,736.1963190184049,0.04181514282396681,1,2,82.56666564941406,29.54294087155786,260.0,25.76221731080927
83.69999694824219,25.548581847528805,736.1963190184049,0.04181514282396681,1,2,87.53333282470703,29.54294087155786,270.0,25.76221731080927
90.0,25.548581847528805,736.1963190184049,0.04181514282396681,1,2,87.53333282470703,29.54294087155786,280.0,25.76221731080927
88.9000015258789,25.548581847528805,736.1963190184049,0.04181514282396681,1,2,87.53333282470703,29.54294087155786,290.0,25.76221731080927
88.9000015258789,21.035307242712644,728.1553263218829,0.02421160264984516,1,2,86.86666870117188,16.990629616222325,300.0,19.573570089307594
86.80000305175781,21.035307242712644,728.1553263218829,0.02421160264984516,1,2,86.86666870117188,16.990629616222325,308.571428,19.573570089307594
84.9000015258789,21.035307242712644,728.1553263218829,0.02421160264984516,1,2,86.86666870117188,16.990629616222325,317.142857,19.573570089307594
82.4000015258789,21.035307242712644,728.1553263218829,0.02421160264984516,1,2,84.06666819254558,16.990629616222325,325.714285,19.573570089307594
85.80000305175781,21.035307242712644,728.1553263218829,0.02421160264984516,1,2,84.06666819254558,16.990629616222325,334.285714,19.573570089307594
84.0,21.035307242712644,728.1553263218829,0.02421160264984516,1,2,84.06666819254558,16.990629616222325,342.857142,19.573570089307594
86.0,21.035307242712644,728.1553263218829,0.02421160264984516,1,2,86.0,16.990629616222325,351.428571,19.573570089307594
86.0,27.5943468655622,733.4963051533854,0.03539818299017338,1,2,88.0999984741211,24.54750424467181,360.0,25.274504871953283
87.0999984741211,27.5943468655622,733.4963051533854,0.03539818299017338,1,2,88.0999984741211,24.54750424467181,368.571428,25.274504871953283
91.19999694824219,27.5943468655622,733.4963051533854,0.03539818299017338,1,2,88.0999984741211,24.54750424467181,377.142857,25.274504871953283
89.19999694824219,27.5943468655622,733.4963051533854,0.03539818299017338,1,2,85.83333333333333,24.54750424467181,385.714285,25.274504871953283
86.5,27.5943468655622,733.4963051533854,0.03539818299017338,1,2,85.83333333333333,24.54750424467181,394.285714,25.274504871953283
81.80000305175781,27.5943468655622,733.4963051533854,0.03539818299017338,1,2,85.83333333333333,24.54750424467181,402.857142,25.274504871953283
84.5,27.5943468655622,733.4963051533854,0.03539818299017338,1,2,84.5,24.54750424467181,411.428571,25.274504871953283
84.5,68.3994461494879,723.7635572451684,0.0705246785593794,1,2,92.9000015258789,48.091465373734856,420.0,62.53971810650426
102.4000015258789,68.3994461494879,723.7635572451684,0.0705246785593794,1,2,92.9000015258789,48.091465373734856,428.571428,62.53971810650426
91.80000305175781,68.3994461494879,723.7635572451684,0.0705246785593794,1,2,92.9000015258789,48.091465373734856,437.142857,62.53971810650426
86.0999984741211,68.3994461494879,723.7635572451684,0.0705246785593794,1,2,84.33333333333333,48.091465373734856,445.714285,62.53971810650426
84.0,68.3994461494879,723.7635572451684,0.0705246785593794,1,2,84.33333333333333,48.091465373734856,454.285714,62.53971810650426
82.9000015258789,68.3994461494879,723.7635572451684,0.0705246785593794,1,2,84.33333333333333,48.091465373734856,462.857142,62.53971810650426
87.0999984741211,68.3994461494879,723.7635572451684,0.0705246785593794,1,2,87.0999984741211,48.091465373734856,471.428571,62.53971810650426
87.0999984741211,37.587536935819436,763.3587934452046,0.035303391537980164,1,2,86.3000005086263,25.191322230529572,480.0,34.64760378852664
85.5,37.587536935819436,763.3587934452046,0.035303391537980164,1,2,86.3000005086263,25.191322230529572,488.571428,34.64760378852664
86.30000305175781,37.587536935819436,763.3587934452046,0.035303391537980164,1,2,86.3000005086263,25.191322230529572,497.142857,34.64760378852664
82.80000305175781,37.587536935819436,763.3587934452046,0.035303391537980164,1,2,82.23333485921223,25.191322230529572,505.714285,34.64760378852664
85.30000305175781,37.587536935819436,763.3587934452046,0.035303391537980164,1,2,82.23333485921223,25.191322230529572,514.285714,34.64760378852664
78.5999984741211,37.587536935819436,763.3587934452046,0.035303391537980164,1,2,82.23333485921223,25.191322230529572,522.857142,34.64760378852664
83.5999984741211,37.587536935819436,763.3587934452046,0.035303391537980164,1,2,83.5999984741211,25.191322230529572,531.428571,34.64760378852664
83.5999984741211,66.08052487275711,754.7169811320755,0.07398223230092077,1,2,91.1999994913737,51.74960818230174,540.0,60.493775002722074
92.19999694824219,66.08052487275711,754.7169811320755,0.07398223230092077,1,2,91.1999994913737,51.74960818230174,548.571428,60.493775002722074
97.80000305175781,66.08052487275711,754.7169811320755,0.07398223230092077,1,2,91.1999994913737,51.74960818230174,557.142857,60.493775002722074
83.19999694824219,66.08052487275711,754.7169811320755,0.07398223230092077,1,2,80.96666463216145,51.74960818230174,565.714285,60.493775002722074
79.5,66.08052487275711,754.7169811320755,0.07398223230092077,1,2,80.96666463216145,51.74960818230174,574.285714,60.493775002722074
80.19999694824219,66.08052487275711,754.7169811320755,0.07398223230092077,1,2,80.96666463216145,51.74960818230174,582.857142,60.493775002722074
86.9000015258789,66.08052487275711,754.7169811320755,0.07398223230092077,1,2,86.9000015258789,51.74960818230174,591.428571,60.493775002722074
86.9000015258789,26.164819796774463,717.703362381919,0.027318874197235728,1,2,88.36666870117188,18.893202994137035,600.0,23.903376974591627
91.4000015258789,26.164819796774463,717.703362381919,0.027318874197235728,1,2,88.36666870117188,18.893202994137035,608.571428,23.903376974591627
86.80000305175781,26.164819796774463,717.703362381919,0.027318874197235728,1,2,88.36666870117188,18.893202994137035,617.142857,23.903376974591627
87.5999984741211,26.164819796774463,717.703362381919,0.027318874197235728,1,2,85.46666463216145,18.893202994137035,625.714285,23.903376974591627
85.19999694824219,26.164819796774463,717.703362381919,0.027318874197235728,1,2,85.46666463216145,18.893202994137035,634.285714,23.903376974591627
83.5999984741211,26.164819796774463,717.703362381919,0.027318874197235728,1,2,85.46666463216145,18.893202994137035,642.857142,23.903376974591627
86.19999694824219,26.164819796774463,717.703362381919,0.027318874197235728,1,2,86.19999694824219,18.893202994137035,651.428571,23.903376974591627
86.19999694824219,14.112162987520126,696.0557090973717,0.022937226627966833,1,2,86.7999979654948,15.610663247882867,660.0,13.696353325576712
86.5,14.112162987520126,696.0557090973717,0.022937226627966833,1,2,86.7999979654948,15.610663247882867,668.571428,13.696353325576712
87.69999694824219,14.112162987520126,696.0557090973717,0.022937226627966833,1,2,86.7999979654948,15.610663247882867,677.142857,13.696353325576712
86.4000015258789,14.112162987520126,696.0557090973717,0.022937226627966833,1,2,89.06666819254558,15.610663247882867,685.714285,13.696353325576712
89.30000305175781,14.112162987520126,696.0557090973717,0.022937226627966833,1,2,89.06666819254558,15.610663247882867,694.285714,13.696353325576712
91.5,14.112162987520126,696.0557090973717,0.022937226627966833,1,2,89.06666819254558,15.610663247882867,702.857142,13.696353325576712
89.80000305175781,14.112162987520126,696.0557090973717,0.022937226627966833,1,2,89.80000305175781,15.610663247882867,711.428571,13.696353325576712
89.80000305175781,35.46774090682453,752.8231154006753,0.04794671647446064,1,2,89.43333435058594,33.650783486342725,720.0,33.09306599377817
90.80000305175781,35.46774090682453,752.8231154006753,0.04794671647446064,1,2,89.43333435058594,33.650783486342725,728.571428,33.09306599377817
87.69999694824219,35.46774090682453,752.8231154006753,0.04794671647446064,1,2,89.43333435058594,33.650783486342725,737.142857,33.09306599377817
79.69999694824219,35.46774090682453,752.8231154006753,0.04794671647446064,1,2,82.23333231608073,33.650783486342725,745.714285,33.09306599377817
81.80000305175781,35.46774090682453,752.8231154006753,0.04794671647446064,1,2,82.23333231608073,33.650783486342725,754.285714,33.09306599377817
85.19999694824219,35.46774090682453,752.8231154006753,0.04794671647446064,1,2,82.23333231608073,33.650783486342725,762.857142,33.09306599377817
84.5999984741211,35.46774090682453,752.8231154006753,0.04794671647446064,1,2,84.5999984741211,33.650783486342725,771.428571,33.09306599377817
84.5999984741211,27.51636908837275,738.9162839284919,0.029220961864228467,1,2,85.93333180745442,20.749787253822753,780.0,25.402735037900296
87.69999694824219,27.51636908837275,738.9162839284919,0.029220961864228467,1,2,85.93333180745442,20.749787253822753,788.571428,25.402735037900296
85.5,27.51636908837275,738.9162839284919,0.029220961864228467,1,2,85.93333180745442,20.749787253822753,797.142857,25.402735037900296
81.19999694824219,27.51636908837275,738.9162839284919,0.029220961864228467,1,2,82.23333231608073,20.749787253822753,805.714285,25.402735037900296
82.5999984741211,27.51636908837275,738.9162839284919,0.029220961864228467,1,2,82.23333231608073,20.749787253822753,814.285714,25.402735037900296
82.9000015258789,27.51636908837275,738.9162839284919,0.029220961864228467,1,2,82.23333231608073,20.749787253822753,822.857142,25.402735037900296
87.4000015258789,27.51636908837275,738.9162839284919,0.029220961864228467,1,2,87.4000015258789,20.749787253822753,831.428571,25.402735037900296
87.4000015258789,38.553826470672895,711.7437464760434,0.029925554192999068,1,2,87.86666870117188,20.383026639982745,840.0,35.19684353404483
84.30000305175781,38.553826470672895,711.7437464760434,0.029925554192999068,1,2,87.86666870117188,20.383026639982745,848.571428,35.19684353404483
91.9000015258789,38.553826470672895,711.7437464760434,0.029925554192999068,1,2,87.86666870117188,20.383026639982745,857.142857,35.19684353404483
85.9000015258789,38.553826470672895,711.7437464760434,0.029925554192999068,1,2,88.60000101725261,20.383026639982745,865.714285,35.19684353404483
89.5,38.553826470672895,711.7437464760434,0.029925554192999068,1,2,88.60000101725261,20.383026639982745,874.285714,35.19684353404483
90.4000015258789,38.553826470672895,711.7437464760434,0.029925554192999068,1,2,88.60000101725261,20.383026639982745,882.857142,35.19684353404483
87.69999694824219,38.553826470672895,711.7437464760434,0.029925554192999068,1,2,87.69999694824219,20.383026639982745,891.428571,35.19684353404483
87.69999694824219,31.439607385459425,747.1979790751274,0.037286671910877686,1,2,88.33333333333333,26.070175056762768,900.0,28.74386311606513
89.9000015258789,31.439607385459425,747.1979790751274,0.037286671910877686,1,2,88.33333333333333,26.070175056762768,908.571428,28.74386311606513
87.4000015258789,31.439607385459425,747.1979790751274,0.037286671910877686,1,2,88.33333333333333,26.070175056762768,917.142857,28.74386311606513
83.5999984741211,31.439607385459425,747.1979790751274,0.037286671910877686,1,2,83.3000005086263,26.070175056762768,925.714285,28.74386311606513
80.30000305175781,31.439607385459425,747.1979790751274,0.037286671910877686,1,2,83.3000005086263,26.070175056762768,934.285714,28.74386311606513
86.0,31.439607385459425,747.1979790751274,0.037286671910877686,1,2,83.3000005086263,26.070175056762768,942.857142,28.74386311606513
86.5,31.439607385459425,747.1979790751274,0.037286671910877686,1,2,86.5,26.070175056762768,951.428571,28.74386311606513
86.5,39.02883566594298,748.1297042781879,0.032282427689863516,1,2,83.39999898274739,23.186030743887223,960.0,35.86958220474675
83.0,39.02883566594298,748.1297042781879,0.032282427689863516,1,2,83.39999898274739,23.186030743887223,968.571428,35.86958220474675
80.69999694824219,39.02883566594298,748.1297042781879,0.032282427689863516,1,2,83.39999898274739,23.186030743887223,977.142857,35.86958220474675
83.9000015258789,39.02883566594298,748.1297042781879,0.032282427689863516,1,2,83.86666615804036,23.186030743887223,985.714285,35.86958220474675
87.5,39.02883566594298,748.1297042781879,0.032282427689863516,1,2,83.86666615804036,23.186030743887223,994.285714,35.86958220474675
80.19999694824219,39.02883566594298,748.1297042781879,0.032282427689863516,1,2,83.86666615804036,23.186030743887223,1002.857142,35.86958220474675
83.5,39.02883566594298,748.1297042781879,0.032282427689863516,1,2,83.5,23.186030743887223,1011.428571,35.86958220474675
83.5,33.52550259711232,730.8160915363808,0.02954738164432443,2,2,85.66666666666667,20.806400274239362,1020.0,30.720223472470906
83.5999984741211,33.52550259711232,730.8160915363808,0.02954738164432443,2,2,85.66666666666667,20.806400274239362,1028.571428,30.720223472470906
89.9000015258789,33.52550259711232,730.8160915363808,0.02954738164432443,2,2,85.66666666666667,20.806400274239362,1037.142857,30.720223472470906
86.5,33.52550259711232,730.8160915363808,0.02954738164432443,2,2,84.83333333333333,20.806400274239362,1045.714285,30.720223472470906
82.0999984741211,33.52550259711232,730.8160915363808,0.02954738164432443,2,2,84.83333333333333,20.806400274239362,1054.285714,30.720223472470906
85.9000015258789,33.52550259711232,730.8160915363808,0.02954738164432443,2,2,84.83333333333333,20.806400274239362,1062.857142,30.720223472470906
85.4000015258789,33.52550259711232,730.8160915363808,0.02954738164432443,2,2,85.4000015258789,20.806400274239362,1071.428571,30.720223472470906
85.4000015258789,52.96700609109407,778.2101321330016,0.05912308756849042,2,2,83.43333435058594,42.733202270787345,1080.0,48.41241799832758
87.80000305175781,52.96700609109407,778.2101321330016,0.05912308756849042,2,2,83.43333435058594,42.733202270787345,1088.571428,48.41241799832758
77.0999984741211,52.96700609109407,778.2101321330016,0.05912308756849042,2,2,83.43333435058594,42.733202270787345,1097.142857,48.41241799832758
77.5,52.96700609109407,778.2101321330016,0.05912308756849042,2,2,81.76666514078777,42.733202270787345,1105.714285,48.41241799832758
80.19999694824219,52.96700609109407,778.2101321330016,0.05912308756849042,2,2,81.76666514078777,42.733202270787345,1114.285714,48.41241799832758
87.5999984741211,52.96700609109407,778.2101321330016,0.05912308756849042,2,2,81.76666514078777,42.733202270787345,1122.857142,48.41241799832758
87.19999694824219,52.96700609109407,778.2101321330016,0.05912308756849042,2,2,87.19999694824219,42.733202270787345,1131.428571,48.41241799832758
87.19999694824219,36.07611676014331,783.2898328355801,0.04408059512349813,2,2,82.93333435058594,32.37575012641682,1140.0,36.55693867835304
82.30000305175781,36.07611676014331,783.2898328355801,0.04408059512349813,2,2,82.93333435058594,32.37575012641682,1148.571428,36.55693867835304
79.30000305175781,36.07611676014331,783.2898328355801,0.04408059512349813,2,2,82.93333435058594,32.37575012641682,1157.142857,36.55693867835304
85.5,36.07611676014331,783.2898328355801,0.04408059512349813,2,2,82.46666717529297,32.37575012641682,1165.714285,36.55693867835304
81.5999984741211,36.07611676014331,783.2898328355801,0.04408059512349813,2,2,82.46666717529297,32.37575012641682,1174.285714,36.55693867835304
80.30000305175781,36.07611676014331,783.2898328355801,0.04408059512349813,2,2,82.46666717529297,32.37575012641682,1182.857142,36.55693867835304
76.5999984741211,36.07611676014331,783.2898328355801,0.04408059512349813,2,2,76.5999984741211,32.37575012641682,1191.428571,36.55693867835304
76.5999984741211,63.08519588253216,783.2898328355801,0.06211252784411966,2,2,81.13333129882812,44.6509228091982,1200.0,58.183534704406874
85.69999694824219,63.08519588253216,783.2898328355801,0.06211252784411966,2,2,81.13333129882812,44.6509228091982,1208.571428,58.183534704406874
81.0999984741211,63.08519588253216,783.2898328355801,0.06211252784411966,2,2,81.13333129882812,44.6509228091982,1217.142857,58.183534704406874
80.30000305175781,63.08519588253216,783.2898328355801,0.06211252784411966,2,2,87.0,44.6509228091982,1225.714285,58.183534704406874
90.5,63.08519588253216,783.2898328355801,0.06211252784411966,2,2,87.0,44.6509228091982,1234.285714,58.183534704406874
90.19999694824219,63.08519588253216,783.2898328355801,0.06211252784411966,2,2,87.0,44.6509228091982,1242.857142,58.183534704406874
81.80000305175781,63.08519588253216,783.2898328355801,0.06211252784411966,2,2,81.80000305175781,44.6509228091982,1251.428571,58.183534704406874
81.80000305175781,37.004918057211405,767.2634570524584,0.04004296728548706,2,2,81.06666564941406,29.371768871713577,1260.0,34.89354198034325
78.19999694824219,37.004918057211405,767.2634570524584,0.04004296728548706,2,2,81.06666564941406,29.371768871713577,1268.571428,34.89354198034325
83.19999694824219,37.004918057211405,767.2634570524584,0.04004296728548706,2,2,81.06666564941406,29.371768871713577,1277.142857,34.89354198034325
79.9000015258789,37.004918057211405,767.2634570524584,0.04004296728548706,2,2,80.6999994913737,29.371768871713577,1285.714285,34.89354198034325
79.0,37.004918057211405,767.2634570524584,0.04004296728548706,2,2,80.6999994913737,29.371768871713577,1294.285714,34.89354198034325
83.19999694824219,37.004918057211405,767.2634570524584,0.04004296728548706,2,2,80.6999994913737,29.371768871713577,1302.857142,34.89354198034325
88.0999984741211,37.004918057211405,767.2634570524584,0.04004296728548706,2,2,88.0999984741211,29.371768871713577,1311.428571,34.89354198034325
88.0999984741211,51.00010184801064,771.2081959699146,0.05832511752184697,2,2,86.73333231608073,40.91848784191403,1320.0,48.92166171465163
88.5,51.00010184801064,771.2081959699146,0.05832511752184697,2,2,86.73333231608073,40.91848784191403,1328.571428,48.92166171465163
83.5999984741211,51.00010184801064,771.2081959699146,0.05832511752184697,2,2,86.73333231608073,40.91848784191403,1337.142857,48.92166171465163
93.5999984741211,51.00010184801064,771.2081959699146,0.05832511752184697,2,2,87.46666717529297,40.91848784191403,1345.714285,48.92166171465163
85.30000305175781,51.00010184801064,771.2081959699146,0.05832511752184697,2,2,87.46666717529297,40.91848784191403,1354.285714,48.92166171465163
83.5,51.00010184801064,771.2081959699146,0.05832511752184697,2,2,87.46666717529297,40.91848784191403,1362.857142,48.92166171465163
77.80000305175781,51.00010184801064,771.2081959699146,0.05832511752184697,2,2,77.80000305175781,40.91848784191403,1371.428571,48.92166171465163
77.80000305175781,41.605943627038414,771.2081959699146,0.04785747478242242,2,2,80.06666564941406,34.71770726799627,1380.0,40.940920269946815
79.19999694824219,41.605943627038414,771.2081959699146,0.04785747478242242,2,2,80.06666564941406,34.71770726799627,1388.571428,40.940920269946815
83.19999694824219,41.605943627038414,771.2081959699146,0.04785747478242242,2,2,80.06666564941406,34.71770726799627,1397.142857,40.940920269946815
84.5,41.605943627038414,771.2081959699146,0.04785747478242242,2,2,83.86666615804036,34.71770726799627,1405.714285,40.940920269946815
86.9000015258789,41.605943627038414,771.2081959699146,0.04785747478242242,2,2,83.86666615804036,34.71770726799627,1414.285714,40.940920269946815
80.19999694824219,41.605943627038414,771.2081959699146,0.04785747478242242,2,2,83.86666615804036,34.71770726799627,1422.857142,40.940920269946815
88.30000305175781,41.605943627038414,771.2081959699146,0.04785747478242242,2,2,88.30000305175781,34.71770726799627,1431.428571,40.940920269946815
88.30000305175781,51.86141245439189,781.2499689559154,0.0752344790809266,2,2,89.76666768391927,54.362329421122084,1440.0,48.36730954517595
94.5999984741211,51.86141245439189,781.2499689559154,0.0752344790809266,2,2,89.76666768391927,54.362329421122084,1448.571428,48.36730954517595
86.4000015258789,51.86141245439189,781.2499689559154,0.0752344790809266,2,2,89.76666768391927,54.362329421122084,1457.142857,48.36730954517595
76.80000305175781,51.86141245439189,781.2499689559154,0.0752344790809266,2,2,77.9000015258789,54.362329421122084,1465.714285,48.36730954517595
78.30000305175781,51.86141245439189,781.2499689559154,0.0752344790809266,2,2,77.9000015258789,54.362329421122084,1474.285714,48.36730954517595
78.5999984741211,51.86141245439189,781.2499689559154,0.0752344790809266,2,2,77.9000015258789,54.362329421122084,1482.857142,48.36730954517595
81.19999694824219,51.86141245439189,781.2499689559154,0.0752344790809266,2,2,81.19999694824219,54.362329421122084,1491.428571,48.36730954517595
81.19999694824219,30.809556215249287,753.7688586703517,0.034530386402345195,2,2,80.86666615804036,25.022297949875448,1500.0,28.15479214321279
81.80000305175781,30.809556215249287,753.7688586703517,0.034530386402345195,2,2,80.86666615804036,25.022297949875448,1510.0,28.15479214321279
79.5999984741211,30.809556215249287,753.7688586703517,0.034530386402345195,2,2,80.86666615804036,25.022297949875448,1520.0,28.15479214321279
82.30000305175781,30.809556215249287,753.7688586703517,0.034530386402345195,2,2,84.9000015258789,25.022297949875448,1530.0,28.15479214321279
87.9000015258789,30.809556215249287,753.7688586703517,0.034530386402345195,2,2,84.9000015258789,25.022297949875448,1540.0,28.15479214321279
84.5,30.809556215249287,753.7688586703517,0.034530386402345195,2,2,84.9000015258789,25.022297949875448,1550.0,28.15479214321279
84.5,32.48568885553614,772.2008025298562,0.030594211572475275,3,2,81.03333282470703,22.752980758386936,1560.0,31.41177314120268
80.19999694824219,32.48568885553614,772.2008025298562,0.030594211572475275,3,2,81.03333282470703,22.752980758386936,1568.571428,31.41177314120268
78.4000015258789,32.48568885553614,772.2008025298562,0.030594211572475275,3,2,81.03333282470703,22.752980758386936,1577.142857,31.41177314120268
83.5,32.48568885553614,772.2008025298562,0.030594211572475275,3,2,81.46666717529297,22.752980758386936,1585.714285,31.41177314120268
80.0,32.48568885553614,772.2008025298562,0.030594211572475275,3,2,81.46666717529297,22.752980758386936,1594.285714,31.41177314120268
80.9000015258789,32.48568885553614,772.2008025298562,0.030594211572475275,3,2,81.46666717529297,22.752980758386936,1602.857142,31.41177314120268
77.69999694824219,32.48568885553614,772.2008025298562,0.030594211572475275,3,2,77.69999694824219,22.752980758386936,1611.428571,31.41177314120268
77.69999694824219,29.900704385295732,805.3691275167786,0.028999933240195116,3,2,79.06666564941406,22.481717825445585,1620.0,26.744739836102134
80.19999694824219,29.900704385295732,805.3691275167786,0.028999933240195116,3,2,79.06666564941406,22.481717825445585,1630.0,26.744739836102134
79.30000305175781,29.900704385295732,805.3691275167786,0.028999933240195116,3,2,79.06666564941406,22.481717825445585,1640.0,26.744739836102134
75.19999694824219,29.900704385295732,805.3691275167786,0.028999933240195116,3,2,75.83333333333333,22.481717825445585,1650.0,26.744739836102134
74.5,29.900704385295732,805.3691275167786,0.028999933240195116,3,2,75.83333333333333,22.481717825445585,1660.0,26.744739836102134
77.80000305175781,29.900704385295732,805.3691275167786,0.028999933240195116,3,2,75.83333333333333,22.481717825445585,1670.0,26.744739836102134
77.80000305175781,40.61049355020828,771.2081959699146,0.0523861805812213,3,2,84.36666615804036,36.9275541712081,1680.0,39.08800848064372
83.19999694824219,40.61049355020828,771.2081959699146,0.0523861805812213,3,2,84.36666615804036,36.9275541712081,1688.571428,39.08800848064372
92.0999984741211,40.61049355020828,771.2081959699146,0.0523861805812213,3,2,84.36666615804036,36.9275541712081,1697.142857,39.08800848064372
88.0999984741211,40.61049355020828,771.2081959699146,0.0523861805812213,3,2,86.0,36.9275541712081,1705.714285,39.08800848064372
84.5,40.61049355020828,771.2081959699146,0.0523861805812213,3,2,86.0,36.9275541712081,1714.285714,39.08800848064372
85.4000015258789,40.61049355020828,771.2081959699146,0.0523861805812213,3,2,86.0,36.9275541712081,1722.857142,39.08800848064372
86.0999984741211,40.61049355020828,771.2081959699146,0.0523861805812213,3,2,86.0999984741211,36.9275541712081,1731.428571,39.08800848064372
86.0999984741211,52.401233325062954,818.5538540514581,0.05422323531001882,3,2,79.46666463216145,41.811287775315265,1740.0,50.264082683953
78.5999984741211,52.401233325062954,818.5538540514581,0.05422323531001882,3,2,79.46666463216145,41.811287775315265,1748.571428,50.264082683953
73.69999694824219,52.401233325062954,818.5538540514581,0.05422323531001882,3,2,79.46666463216145,41.811287775315265,1757.142857,50.264082683953
78.4000015258789,52.401233325062954,818.5538540514581,0.05422323531001882,3,2,77.23333485921223,41.811287775315265,1765.714285,50.264082683953
80.0,52.401233325062954,818.5538540514581,0.05422323531001882,3,2,77.23333485921223,41.811287775315265,1774.285714,50.264082683953
73.30000305175781,52.401233325062954,818.5538540514581,0.05422323531001882,3,2,77.23333485921223,41.811287775315265,1782.857142,50.264082683953
76.0,52.401233325062954,818.5538540514581,0.05422323531001882,3,2,76.0,41.811287775315265,1791.428571,50.264082683953
76.0,516.5132741883024,1463.4146341463415,0.3804779572247976,1,2,86.06666564941406,300.98304912176206,1800.0,471.97014214402486
88.0999984741211,516.5132741883024,1463.4146341463415,0.3804779572247976,1,2,86.06666564941406,300.98304912176206,1808.571428,471.97014214402486
94.0999984741211,516.5132741883024,1463.4146341463415,0.3804779572247976,1,2,86.06666564941406,300.98304912176206,1817.142857,471.97014214402486
90.19999694824219,516.5132741883024,1463.4146341463415,0.3804779572247976,1,2,75.16666666666667,300.98304912176206,1825.714285,471.97014214402486
41.0,516.5132741883024,1463.4146341463415,0.3804779572247976,1,2,75.16666666666667,300.98304912176206,1834.285714,471.97014214402486
94.30000305175781,516.5132741883024,1463.4146341463415,0.3804779572247976,1,2,75.16666666666667,300.98304912176206,1842.857142,471.97014214402486
90.30000305175781,516.5132741883024,1463.4146341463415,0.3804779572247976,1,2,90.30000305175781,300.98304912176206,1851.428571,471.97014214402486
90.30000305175781,29.56098375857208,686.498843849953,0.03461659272910263,2,2,90.53333282470703,22.71992495792788,1860.0,27.234386329441715
90.69999694824219,29.56098375857208,686.498843849953,0.03461659272910263,2,2,90.53333282470703,22.71992495792788,1868.571428,27.234386329441715
90.5999984741211,29.56098375857208,686.498843849953,0.03461659272910263,2,2,90.53333282470703,22.71992495792788,1877.142857,27.234386329441715
92.80000305175781,29.56098375857208,686.498843849953,0.03461659272910263,2,2,93.86666870117188,22.71992495792788,1885.714285,27.234386329441715
98.0,29.56098375857208,686.498843849953,0.03461659272910263,2,2,93.86666870117188,22.71992495792788,1894.285714,27.234386329441715
90.80000305175781,29.56098375857208,686.498843849953,0.03461659272910263,2,2,93.86666870117188,22.71992495792788,1902.857142,27.234386329441715
87.4000015258789,29.56098375857208,686.498843849953,0.03461659272910263,2,2,87.4000015258789,22.71992495792788,1911.428571,27.234386329441715
87.4000015258789,12.456101567393432,766.2834950381655,0.04123131288593798,2,2,85.8000005086263,30.098441966788403,1920.0,17.496209552152024
85.4000015258789,12.456101567393432,766.2834950381655,0.04123131288593798,2,2,85.8000005086263,30.098441966788403,1928.571428,17.496209552152024
84.5999984741211,12.456101567393432,766.2834950381655,0.04123131288593798,2,2,85.8000005086263,30.098441966788403,1937.142857,17.496209552152024
80.5,12.456101567393432,766.2834950381655,0.04123131288593798,2,2,80.16666666666667,30.098441966788403,1945.714285,17.496209552152024
80.19999694824219,12.456101567393432,766.2834950381655,0.04123131288593798,2,2,80.16666666666667,30.098441966788403,1954.285714,17.496209552152024
79.80000305175781,12.456101567393432,766.2834950381655,0.04123131288593798,2,2,80.16666666666667,30.098441966788403,1962.857142,17.496209552152024
78.30000305175781,12.456101567393432,766.2834950381655,0.04123131288593798,2,2,78.30000305175781,30.098441966788403,1971.428571,17.496209552152024
78.30000305175781,62.417009330634194,824.1757896265809,0.057479933171314765,3,2,81.8000005086263,43.576156643084836,1980.0,57.126319044532565
87.5,62.417009330634194,824.1757896265809,0.057479933171314765,3,2,81.8000005086263,43.576156643084836,1988.571428,57.126319044532565
79.5999984741211,62.417009330634194,824.1757896265809,0.057479933171314765,3,2,81.8000005086263,43.576156643084836,1997.142857,57.126319044532565
72.80000305175781,62.417009330634194,824.1757896265809,0.057479933171314765,3,2,76.43333435058594,43.576156643084836,2005.714285,57.126319044532565
75.69999694824219,62.417009330634194,824.1757896265809,0.057479933171314765,3,2,76.43333435058594,43.576156643084836,2014.285714,57.126319044532565
80.80000305175781,62.417009330634194,824.1757896265809,0.057479933171314765,3,2,76.43333435058594,43.576156643084836,2022.857142,57.126319044532565
80.9000015258789,62.417009330634194,824.1757896265809,0.057479933171314765,3,2,80.9000015258789,43.576156643084836,2031.428571,57.126319044532565
80.9000015258789,43.790274450112435,806.4515963636092,0.05046111032044314,3,2,82.13333384195964,37.59695282603473,2040.0,40.69543804508378
84.0,43.790274450112435,806.4515963636092,0.05046111032044314,3,2,82.13333384195964,37.59695282603473,2048.571428,40.69543804508378
81.5,43.790274450112435,806.4515963636092,0.05046111032044314,3,2,82.13333384195964,37.59695282603473,2057.142857,40.69543804508378
84.5,43.790274450112435,806.4515963636092,0.05046111032044314,3,2,80.76666768391927,37.59695282603473,2065.714285,40.69543804508378
83.4000015258789,43.790274450112435,806.4515963636092,0.05046111032044314,3,2,80.76666768391927,37.59695282603473,2074.285714,40.69543804508378
74.4000015258789,43.790274450112435,806.4515963636092,0.05046111032044314,3,2,80.76666768391927,37.59695282603473,2082.857142,40.69543804508378
76.19999694824219,43.790274450112435,806.4515963636092,0.05046111032044314,3,2,76.19999694824219,37.59695282603473,2091.428571,40.69543804508378
76.19999694824219,98.29647192315277,811.9079669976558,0.11559879496342493,3,2,76.33333333333333,82.66882281451278,2100.0,91.01434024965492
73.9000015258789,98.29647192315277,811.9079669976558,0.11559879496342493,3,2,76.33333333333333,82.66882281451278,2108.571428,91.01434024965492
78.9000015258789,98.29647192315277,811.9079669976558,0.11559879496342493,3,2,76.33333333333333,82.66882281451278,2117.142857,91.01434024965492
104.30000305175781,98.29647192315277,811.9079669976558,0.11559879496342493,3,2,93.13333384195964,82.66882281451278,2125.714285,91.01434024965492
92.4000015258789,98.29647192315277,811.9079669976558,0.11559879496342493,3,2,93.13333384195964,82.66882281451278,2134.285714,91.01434024965492
82.69999694824219,98.29647192315277,811.9079669976558,0.11559879496342493,3,2,93.13333384195964,82.66882281451278,2142.857142,91.01434024965492
86.19999694824219,98.29647192315277,811.9079669976558,0.11559879496342493,3,2,86.19999694824219,82.66882281451278,2151.428571,91.01434024965492
86.19999694824219,42.349037845163785,775.1937831672889,0.04519695033559295,1,2,81.63333384195964,32.22245101510158,2160.0,38.673920678098675
77.4000015258789,42.349037845163785,775.1937831672889,0.04519695033559295,1,2,81.63333384195964,32.22245101510158,2168.571428,38.673920678098675
81.30000305175781,42.349037845163785,775.1937831672889,0.04519695033559295,1,2,81.63333384195964,32.22245101510158,2177.142857,38.673920678098675
85.19999694824219,42.349037845163785,775.1937831672889,0.04519695033559295,1,2,86.06666564941406,32.22245101510158,2185.714285,38.673920678098675
85.69999694824219,42.349037845163785,775.1937831672889,0.04519695033559295,1,2,86.06666564941406,32.22245101510158,2194.285714,38.673920678098675
87.30000305175781,42.349037845163785,775.1937831672889,0.04519695033559295,1,2,86.06666564941406,32.22245101510158,2202.857142,38.673920678098675
87.0,42.349037845163785,775.1937831672889,0.04519695033559295,1,2,87.0,32.22245101510158,2211.428571,38.673920678098675
87.0,47.36584693178274,750.0,0.041539095274093316,1,2,85.23333231608073,28.931153118130926,2220.0,43.466809098358695
80.0,47.36584693178274,750.0,0.041539095274093316,1,2,85.23333231608073,28.931153118130926,2228.571428,43.466809098358695
88.69999694824219,47.36584693178274,750.0,0.041539095274093316,1,2,85.23333231608073,28.931153118130926,2237.142857,43.466809098358695
84.0999984741211,47.36584693178274,750.0,0.041539095274093316,1,2,85.89999898274739,28.931153118130926,2245.714285,43.466809098358695
85.4000015258789,47.36584693178274,750.0,0.041539095274093316,1,2,85.89999898274739,28.931153118130926,2254.285714,43.466809098358695
88.19999694824219,47.36584693178274,750.0,0.041539095274093316,1,2,85.89999898274739,28.931153118130926,2262.857142,43.466809098358695
90.5,47.36584693178274,750.0,0.041539095274093316,1,2,90.5,28.931153118130926,2271.428571,43.466809098358695
90.5,23.963112465713934,712.5890994613937,0.03404008437163344,1,2,90.76666768391927,23.28508905261222,2280.0,22.20086008175519
90.80000305175781,23.963112465713934,712.5890994613937,0.03404008437163344,1,2,90.76666768391927,23.28508905261222,2288.571428,22.20086008175519
91.0,23.963112465713934,712.5890994613937,0.03404008437163344,1,2,90.76666768391927,23.28508905261222,2297.142857,22.20086008175519
84.5,23.963112465713934,712.5890994613937,0.03404008437163344,1,2,84.93333180745442,23.28508905261222,2305.714285,22.20086008175519
84.19999694824219,23.963112465713934,712.5890994613937,0.03404008437163344,1,2,84.93333180745442,23.28508905261222,2314.285714,22.20086008175519
86.0999984741211,23.963112465713934,712.5890994613937,0.03404008437163344,1,2,84.93333180745442,23.28508905261222,2322.857142,22.20086008175519
87.5,23.963112465713934,712.5890994613937,0.03404008437163344,1,2,87.5,23.28508905261222,2331.428571,22.20086008175519
87.5,11.164655385400726,701.7543859649123,0.009950205904475493,1,2,86.6999994913737,6.883874820140906,2340.0,10.307516884258119
85.5,11.164655385400726,701.7543859649123,0.009950205904475493,1,2,86.6999994913737,6.883874820140906,2350.0,10.307516884258119
87.0999984741211,11.164655385400726,701.7543859649123,0.009950205904475493,1,2,86.6999994913737,6.883874820140906,2360.0,10.307516884258119
87.5999984741211,11.164655385400726,701.7543859649123,0.009950205904475493,1,2,86.76666768391927,6.883874820140906,2370.0,10.307516884258119
86.80000305175781,11.164655385400726,701.7543859649123,0.009950205904475493,1,2,86.76666768391927,6.883874820140906,2380.0,10.307516884258119
85.9000015258789,11.164655385400726,701.7543859649123,0.009950205904475493,1,2,86.76666768391927,6.883874820140906,2390.0,10.307516884258119
85.9000015258789,15.277992164926463,710.0591715976332,0.012404165783967995,1,2,86.06666564941406,8.646598229187372,2400.0,13.947494851755284
85.5999984741211,15.277992164926463,710.0591715976332,0.012404165783967995,1,2,86.06666564941406,8.646598229187372,2408.571428,13.947494851755284
86.69999694824219,15.277992164926463,710.0591715976332,0.012404165783967995,1,2,86.06666564941406,8.646598229187372,2417.142857,13.947494851755284
88.0,15.277992164926463,710.0591715976332,0.012404165783967995,1,2,86.1999994913737,8.646598229187372,2425.714285,13.947494851755284
84.5,15.277992164926463,710.0591715976332,0.012404165783967995,1,2,86.1999994913737,8.646598229187372,2434.285714,13.947494851755284
86.0999984741211,15.277992164926463,710.0591715976332,0.012404165783967995,1,2,86.1999994913737,8.646598229187372,2442.857142,13.947494851755284
85.80000305175781,15.277992164926463,710.0591715976332,0.012404165783967995,1,2,85.80000305175781,8.646598229187372,2451.428571,13.947494851755284
85.80000305175781,23.264690793620893,716.8459042728804,0.0421907513152667,1,2,85.33333333333333,28.486339109422914,2460.0,23.075027412391446
83.69999694824219,23.264690793620893,716.8459042728804,0.0421907513152667,1,2,85.33333333333333,28.486339109422914,2468.571428,23.075027412391446
86.5,23.264690793620893,716.8459042728804,0.0421907513152667,1,2,85.33333333333333,28.486339109422914,2477.142857,23.075027412391446
90.5,23.264690793620893,716.8459042728804,0.0421907513152667,1,2,91.33333333333333,28.486339109422914,2485.714285,23.075027412391446
93.4000015258789,23.264690793620893,716.8459042728804,0.0421907513152667,1,2,91.33333333333333,28.486339109422914,2494.285714,23.075027412391446
90.0999984741211,23.264690793620893,716.8459042728804,0.0421907513152667,1,2,91.33333333333333,28.486339109422914,2502.857142,23.075027412391446
93.0,23.264690793620893,716.8459042728804,0.0421907513152667,1,2,93.0,28.486339109422914,2511.428571,23.075027412391446
93.0,20.460636132524073,703.3997403680463,0.028614830403697045,1,2,88.89999898274739,19.69716060154365,2520.0,20.29809180444466
86.5999984741211,20.460636132524073,703.3997403680463,0.028614830403697045,1,2,88.89999898274739,19.69716060154365,2528.571428,20.29809180444466
87.0999984741211,20.460636132524073,703.3997403680463,0.028614830403697045,1,2,88.89999898274739,19.69716060154365,2537.142857,20.29809180444466
86.4000015258789,20.460636132524073,703.3997403680463,0.028614830403697045,1,2,85.76666768391927,19.69716060154365,2545.714285,20.29809180444466
85.30000305175781,20.460636132524073,703.3997403680463,0.028614830403697045,1,2,85.76666768391927,19.69716060154365,2554.285714,20.29809180444466
85.5999984741211,20.460636132524073,703.3997403680463,0.028614830403697045,1,2,85.76666768391927,19.69716060154365,2562.857142,20.29809180444466
86.5999984741211,20.460636132524073,703.3997403680463,0.028614830403697045,1,2,86.5999984741211,19.69716060154365,2571.428571,20.29809180444466
86.5999984741211,82.12617642070856,729.0400701718867,0.07917107717405665,2,2,94.76666514078777,52.504252068037886,2580.0,75.05778217068263
106.5999984741211,82.12617642070856,729.0400701718867,0.07917107717405665,2,2,94.76666514078777,52.504252068037886,2588.571428,75.05778217068263
91.0999984741211,82.12617642070856,729.0400701718867,0.07917107717405665,2,2,94.76666514078777,52.504252068037886,2597.142857,75.05778217068263
93.80000305175781,82.12617642070856,729.0400701718867,0.07917107717405665,2,2,87.76666768391927,52.504252068037886,2605.714285,75.05778217068263
87.19999694824219,82.12617642070856,729.0400701718867,0.07917107717405665,2,2,87.76666768391927,52.504252068037886,2614.285714,75.05778217068263
82.30000305175781,82.12617642070856,729.0400701718867,0.07917107717405665,2,2,87.76666768391927,52.504252068037886,2622.857142,75.05778217068263
89.4000015258789,82.12617642070856,729.0400701718867,0.07917107717405665,2,2,89.4000015258789,52.504252068037886,2631.428571,75.05778217068263
89.4000015258789,24.117313532677624,692.8406588590178,0.03024691278499122,2,2,91.7000020345052,20.206060118540996,2640.0,22.311072658474988
93.30000305175781,24.117313532677624,692.8406588590178,0.03024691278499122,2,2,91.7000020345052,20.206060118540996,2648.571428,22.311072658474988
92.4000015258789,24.117313532677624,692.8406588590178,0.03024691278499122,2,2,91.7000020345052,20.206060118540996,2657.142857,22.311072658474988
91.9000015258789,24.117313532677624,692.8406588590178,0.03024691278499122,2,2,89.16666666666667,20.206060118540996,2665.714285,22.311072658474988
86.69999694824219,24.117313532677624,692.8406588590178,0.03024691278499122,2,2,89.16666666666667,20.206060118540996,2674.285714,22.311072658474988
88.9000015258789,24.117313532677624,692.8406588590178,0.03024691278499122,2,2,89.16666666666667,20.206060118540996,2682.857142,22.311072658474988
86.5999984741211,24.117313532677624,692.8406588590178,0.03024691278499122,2,2,86.5999984741211,20.206060118540996,2691.428571,22.311072658474988
86.5999984741211,26.184519794252363,715.9904273862843,0.020258169650905145,2,2,86.53333282470703,14.042928131944157,2700.0,23.906457126916408
83.80000305175781,26.184519794252363,715.9904273862843,0.020258169650905145,2,2,86.53333282470703,14.042928131944157,2708.571428,23.906457126916408
89.19999694824219,26.184519794252363,715.9904273862843,0.020258169650905145,2,2,86.53333282470703,14.042928131944157,2717.142857,23.906457126916408
86.69999694824219,26.184519794252363,715.9904273862843,0.020258169650905145,2,2,86.73333231608073,14.042928131944157,2725.714285,23.906457126916408
88.0999984741211,26.184519794252363,715.9904273862843,0.020258169650905145,2,2,86.73333231608073,14.042928131944157,2734.285714,23.906457126916408
85.4000015258789,26.184519794252363,715.9904273862843,0.020258169650905145,2,2,86.73333231608073,14.042928131944157,2742.857142,23.906457126916408
86.30000305175781,26.184519794252363,715.9904273862843,0.020258169650905145,2,2,86.30000305175781,14.042928131944157,2751.428571,23.906457126916408
86.30000305175781,21.06926726197417,695.2491063530488,0.027794399110586697,2,2,88.13333384195964,18.618738768407106,2760.0,19.42950348087894
87.19999694824219,21.06926726197417,695.2491063530488,0.027794399110586697,2,2,88.13333384195964,18.618738768407106,2768.571428,19.42950348087894
90.9000015258789,21.06926726197417,695.2491063530488,0.027794399110586697,2,2,88.13333384195964,18.618738768407106,2777.142857,19.42950348087894
93.5,21.06926726197417,695.2491063530488,0.027794399110586697,2,2,91.53333282470703,18.618738768407106,2785.714285,19.42950348087894
90.0,21.06926726197417,695.2491063530488,0.027794399110586697,2,2,91.53333282470703,18.618738768407106,2794.285714,19.42950348087894
91.0999984741211,21.06926726197417,695.2491063530488,0.027794399110586697,2,2,91.53333282470703,18.618738768407106,2802.857142,19.42950348087894
88.4000015258789,21.06926726197417,695.2491063530488,0.027794399110586697,2,2,88.4000015258789,18.618738768407106,2811.428571,19.42950348087894
88.4000015258789,27.739775235702943,703.3997403680463,0.034738167527948796,2,2,86.76666768391927,23.350632492902754,2820.0,25.740219095964775
86.5999984741211,27.739775235702943,703.3997403680463,0.034738167527948796,2,2,86.76666768391927,23.350632492902754,2830.0,25.740219095964775
85.30000305175781,27.739775235702943,703.3997403680463,0.034738167527948796,2,2,86.76666768391927,23.350632492902754,2840.0,25.740219095964775
92.0,27.739775235702943,703.3997403680463,0.034738167527948796,2,2,91.93333180745442,23.350632492902754,2850.0,25.740219095964775
90.69999694824219,27.739775235702943,703.3997403680463,0.034738167527948796,2,2,91.93333180745442,23.350632492902754,2860.0,25.740219095964775
93.0999984741211,27.739775235702943,703.3997403680463,0.034738167527948796,2,2,91.93333180745442,23.350632492902754,2870.0,25.740219095964775
95.80000305175781,66.40255374942255,735.2941313966888,0.06563274428899489,2,2,87.66666666666667,44.49192328265257,2880.0,61.160243047675145
85.5999984741211,66.40255374942255,735.2941313966888,0.06563274428899489,2,2,87.66666666666667,44.49192328265257,2890.0,61.160243047675145
81.5999984741211,66.40255374942255,735.2941313966888,0.06563274428899489,2,2,87.66666666666667,44.49192328265257,2900.0,61.160243047675145
88.0,66.40255374942255,735.2941313966888,0.06563274428899489,2,2,90.0,44.49192328265257,2910.0,61.160243047675145
96.19999694824219,66.40255374942255,735.2941313966888,0.06563274428899489,2,2,90.0,44.49192328265257,2920.0,61.160243047675145
85.80000305175781,66.40255374942255,735.2941313966888,0.06563274428899489,2,2,90.0,44.49192328265257,2930.0,61.160243047675145
85.80000305175781,26.871159290126595,729.9270343985465,0.025276723821979,2,2,83.89999898274739,17.804268182787077,2940.0,24.739087599894663
82.19999694824219,26.871159290126595,729.9270343985465,0.025276723821979,2,2,83.89999898274739,17.804268182787077,2948.571428,24.739087599894663
83.69999694824219,26.871159290126595,729.9270343985465,0.025276723821979,2,2,83.89999898274739,17.804268182787077,2957.142857,24.739087599894663
87.19999694824219,26.871159290126595,729.9270343985465,0.025276723821979,2,2,87.13333129882812,17.804268182787077,2965.714285,24.739087599894663
86.0999984741211,26.871159290126595,729.9270343985465,0.025276723821979,2,2,87.13333129882812,17.804268182787077,2974.285714,24.739087599894663
88.0999984741211,26.871159290126595,729.9270343985465,0.025276723821979,2,2,87.13333129882812,17.804268182787077,2982.857142,24.739087599894663
83.5,26.871159290126595,729.9270343985465,0.025276723821979,2,2,83.5,17.804268182787077,2991.428571,24.739087599894663
83.5,24.76882139267629,718.562874251497,0.022473723690085705,2,2,85.23333231608073,15.741112946515162,3000.0,22.674308978096988
85.19999694824219,24.76882139267629,718.562874251497,0.022473723690085705,2,2,85.23333231608073,15.741112946515162,3008.571428,22.674308978096988
87.0,24.76882139267629,718.562874251497,0.022473723690085705,2,2,85.23333231608073,15.741112946515162,3017.142857,22.674308978096988
83.9000015258789,24.76882139267629,718.562874251497,0.022473723690085705,2,2,86.5,15.741112946515162,3025.714285,22.674308978096988
86.5999984741211,24.76882139267629,718.562874251497,0.022473723690085705,2,2,86.5,15.741112946515162,3034.285714,22.674308978096988
89.0,24.76882139267629,718.562874251497,0.022473723690085705,2,2,86.5,15.741112946515162,3042.857142,22.674308978096988
84.69999694824219,24.76882139267629,718.562874251497,0.022473723690085705,2,2,84.69999694824219,15.741112946515162,3051.428571,22.674308978096988
84.69999694824219,40.39333025678126,711.7437464760434,0.03825037084734459,1,2,88.53333282470703,25.96506476861777,3060.0,37.04116785185812
88.80000305175781,40.39333025678126,711.7437464760434,0.03825037084734459,1,2,88.53333282470703,25.96506476861777,3068.571428,37.04116785185812
92.0999984741211,40.39333025678126,711.7437464760434,0.03825037084734459,1,2,88.53333282470703,25.96506476861777,3077.142857,37.04116785185812
89.0999984741211,40.39333025678126,711.7437464760434,0.03825037084734459,1,2,88.86666615804036,25.96506476861777,3085.714285,37.04116785185812
93.19999694824219,40.39333025678126,711.7437464760434,0.03825037084734459,1,2,88.86666615804036,25.96506476861777,3094.285714,37.04116785185812
84.30000305175781,40.39333025678126,711.7437464760434,0.03825037084734459,1,2,88.86666615804036,25.96506476861777,3102.857142,37.04116785185812
87.30000305175781,40.39333025678126,711.7437464760434,0.03825037084734459,1,2,87.30000305175781,25.96506476861777,3111.428571,37.04116785185812
87.30000305175781,134.53917245040856,869.5652173913044,0.09922404401508358,1,2,81.23333485921223,71.36990743510388,3120.0,122.85600444685096
87.4000015258789,134.53917245040856,869.5652173913044,0.09922404401508358,1,2,81.23333485921223,71.36990743510388,3128.571428,122.85600444685096
69.0,134.53917245040856,869.5652173913044,0.09922404401508358,1,2,81.23333485921223,71.36990743510388,3137.142857,122.85600444685096
91.5,134.53917245040856,869.5652173913044,0.09922404401508358,1,2,86.53333282470703,71.36990743510388,3145.714285,122.85600444685096
80.69999694824219,134.53917245040856,869.5652173913044,0.09922404401508358,1,2,86.53333282470703,71.36990743510388,3154.285714,122.85600444685096
87.4000015258789,134.53917245040856,869.5652173913044,0.09922404401508358,1,2,86.53333282470703,71.36990743510388,3162.857142,122.85600444685096
85.0,134.53917245040856,869.5652173913044,0.09922404401508358,1,2,85.0,71.36990743510388,3171.428571,122.85600444685096
85.0,28.17900383072917,738.0073523712214,0.03430646936327089,1,2,82.56666819254558,24.31856004023855,3180.0,25.737007534413607
81.4000015258789,28.17900383072917,738.0073523712214,0.03430646936327089,1,2,82.56666819254558,24.31856004023855,3188.571428,25.737007534413607
81.30000305175781,28.17900383072917,738.0073523712214,0.03430646936327089,1,2,82.56666819254558,24.31856004023855,3197.142857,25.737007534413607
83.5,28.17900383072917,738.0073523712214,0.03430646936327089,1,2,86.60000101725261,24.31856004023855,3205.714285,25.737007534413607
89.30000305175781,28.17900383072917,738.0073523712214,0.03430646936327089,1,2,86.60000101725261,24.31856004023855,3214.285714,25.737007534413607
87.0,28.17900383072917,738.0073523712214,0.03430646936327089,1,2,86.60000101725261,24.31856004023855,3222.857142,25.737007534413607
85.5999984741211,28.17900383072917,738.0073523712214,0.03430646936327089,1,2,85.5999984741211,24.31856004023855,3231.428571,25.737007534413607
85.5999984741211,38.792926475219694,738.0073523712214,0.05581526025981707,1,2,90.83333333333333,38.301514541977696,3240.0,35.9479268069328
91.30000305175781,38.792926475219694,738.0073523712214,0.05581526025981707,1,2,90.83333333333333,38.301514541977696,3248.571428,35.9479268069328
95.5999984741211,38.792926475219694,738.0073523712214,0.05581526025981707,1,2,90.83333333333333,38.301514541977696,3257.142857,35.9479268069328
88.5,38.792926475219694,738.0073523712214,0.05581526025981707,1,2,86.63333384195964,38.301514541977696,3265.714285,35.9479268069328
88.5999984741211,38.792926475219694,738.0073523712214,0.05581526025981707,1,2,86.63333384195964,38.301514541977696,3274.285714,35.9479268069328
82.80000305175781,38.792926475219694,738.0073523712214,0.05581526025981707,1,2,86.63333384195964,38.301514541977696,3282.857142,35.9479268069328
81.30000305175781,38.792926475219694,738.0073523712214,0.05581526025981707,1,2,81.30000305175781,38.301514541977696,3291.428571,35.9479268069328
81.30000305175781,14.367050943977018,738.0073523712214,0.023664103043758954,1,2,83.43333435058594,16.731623339923022,3300.0,14.272726927418306
83.30000305175781,14.367050943977018,738.0073523712214,0.023664103043758954,1,2,83.43333435058594,16.731623339923022,3308.571428,14.272726927418306
85.69999694824219,14.367050943977018,738.0073523712214,0.023664103043758954,1,2,83.43333435058594,16.731623339923022,3317.142857,14.272726927418306
86.30000305175781,14.367050943977018,738.0073523712214,0.023664103043758954,1,2,86.26666768391927,16.731623339923022,3325.714285,14.272726927418306
85.4000015258789,14.367050943977018,738.0073523712214,0.023664103043758954,1,2,86.26666768391927,16.731623339923022,3334.285714,14.272726927418306
87.0999984741211,14.367050943977018,738.0073523712214,0.023664103043758954,1,2,86.26666768391927,16.731623339923022,3342.857142,14.272726927418306
85.19999694824219,14.367050943977018,738.0073523712214,0.023664103043758954,1,2,85.19999694824219,16.731623339923022,3351.428571,14.272726927418306
85.19999694824219,12.78909720339878,704.2253773371514,0.01766347803529435,1,2,86.53333282470703,12.101507877291299,3360.0,11.898441615744922
86.9000015258789,12.78909720339878,704.2253773371514,0.01766347803529435,1,2,86.53333282470703,12.101507877291299,3368.571428,11.898441615744922
87.5,12.78909720339878,704.2253773371514,0.01766347803529435,1,2,86.53333282470703,12.101507877291299,3377.142857,11.898441615744922
87.5999984741211,12.78909720339878,704.2253773371514,0.01766347803529435,1,2,88.89999898274739,12.101507877291299,3385.714285,11.898441615744922
89.5999984741211,12.78909720339878,704.2253773371514,0.01766347803529435,1,2,88.89999898274739,12.101507877291299,3394.285714,11.898441615744922
89.5,12.78909720339878,704.2253773371514,0.01766347803529435,1,2,88.89999898274739,12.101507877291299,3402.857142,11.898441615744922
86.9000015258789,12.78909720339878,704.2253773371514,0.01766347803529435,1,2,86.9000015258789,12.101507877291299,3411.428571,11.898441615744922
86.9000015258789,39.38112566515438,710.9004610811846,0.03558414996261041,1,2,85.76666768391927,24.25702592810795,3420.0,36.19556213586416
84.4000015258789,39.38112566515438,710.9004610811846,0.03558414996261041,1,2,85.76666768391927,24.25702592810795,3428.571428,36.19556213586416
86.0,39.38112566515438,710.9004610811846,0.03558414996261041,1,2,85.76666768391927,24.25702592810795,3437.142857,36.19556213586416
92.80000305175781,39.38112566515438,710.9004610811846,0.03558414996261041,1,2,89.76666768391927,24.25702592810795,3445.714285,36.19556213586416
85.5999984741211,39.38112566515438,710.9004610811846,0.03558414996261041,1,2,89.76666768391927,24.25702592810795,3454.285714,36.19556213586416
90.9000015258789,39.38112566515438,710.9004610811846,0.03558414996261041,1,2,89.76666768391927,24.25702592810795,3462.857142,36.19556213586416
90.19999694824219,39.38112566515438,710.9004610811846,0.03558414996261041,1,2,90.19999694824219,24.25702592810795,3471.428571,36.19556213586416
90.19999694824219,37.85552955522928,724.6376544514659,0.035093200968041124,1,2,87.13333384195964,24.148353745181737,3480.0,34.78175375226194
84.4000015258789,37.85552955522928,724.6376544514659,0.035093200968041124,1,2,87.13333384195964,24.148353745181737,3488.571428,34.78175375226194
86.80000305175781,37.85552955522928,724.6376544514659,0.035093200968041124,1,2,87.13333384195964,24.148353745181737,3497.142857,34.78175375226194
82.80000305175781,37.85552955522928,724.6376544514659,0.035093200968041124,1,2,87.5,24.148353745181737,3505.714285,34.78175375226194
88.19999694824219,37.85552955522928,724.6376544514659,0.035093200968041124,1,2,87.5,24.148353745181737,3514.285714,34.78175375226194
91.5,37.85552955522928,724.6376544514659,0.035093200968041124,1,2,87.5,24.148353745181737,3522.857142,34.78175375226194
87.0999984741211,37.85552955522928,724.6376544514659,0.035093200968041124,1,2,87.0999984741211,24.148353745181737,3531.428571,34.78175375226194
87.0999984741211,29.5813304590453,694.4444321801144,0.025145006547128677,1,2,87.43333435058594,17.01567372141707,3540.0,27.17887260629293
88.30000305175781,29.5813304590453,694.4444321801144,0.025145006547128677,1,2,87.43333435058594,17.01567372141707,3548.571428,27.17887260629293
86.9000015258789,29.5813304590453,694.4444321801144,0.025145006547128677,1,2,87.43333435058594,17.01567372141707,3557.142857,27.17887260629293
89.9000015258789,29.5813304590453,694.4444321801144,0.025145006547128677,1,2,89.73333485921223,17.01567372141707,3565.714285,27.17887260629293
86.4000015258789,29.5813304590453,694.4444321801144,0.025145006547128677,1,2,89.73333485921223,17.01567372141707,3574.285714,27.17887260629293
92.9000015258789,29.5813304590453,694.4444321801144,0.025145006547128677,1,2,89.73333485921223,17.01567372141707,3582.857142,27.17887260629293
89.5,29.5813304590453,694.4444321801144,0.025145006547128677,1,2,89.5,17.01567372141707,3591.428571,27.17887260629293
