Timestamp,Time_Period,Drive_Duration,window_id,raw_hr,Smooth_BPM,drowsiness_label,HRV_MeanNN,HRV_SDNN,HRV_RMSSD,HRV_SDSD,HRV_CVNN,HRV_pNN50,HRV_MinNN,HRV_MaxNN
2025-12-15 15:00:00.000000000,2,0 days 00:00:00,2,82.9000015258789,80.06666819254558,1,743.1860962105176,17.4953376615612,22.292519175995178,24.01160947153226,0.023540991618074363,0.0,723.7635572451684,774.1935483870968
2025-12-15 15:00:08.571428571,2,0 days 00:00:08.571428571,2,79.80000305175781,80.06666819254558,1,743.1860962105176,17.4953376615612,22.292519175995178,24.01160947153226,0.023540991618074363,0.0,723.7635572451684,774.1935483870968
2025-12-15 15:00:17.142857142,2,0 days 00:00:17.142857142,2,77.5,80.06666819254558,1,743.1860962105176,17.4953376615612,22.292519175995178,24.01160947153226,0.023540991618074363,0.0,723.7635572451684,774.1935483870968
2025-12-15 15:00:25.714285714,2,0 days 00:00:25.714285714,2,80.9000015258789,81.66666666666667,1,743.1860962105176,17.4953376615612,22.292519175995178,24.01160947153226,0.023540991618074363,0.0,723.7635572451684,774.1935483870968
2025-12-15 15:00:34.285714285,2,0 days 00:00:34.285714285,2,82.9000015258789,81.66666666666667,1,743.1860962105176,17.4953376615612,22.292519175995178,24.01160947153226,0.023540991618074363,0.0,723.7635572451684,774.1935483870968
2025-12-15 15:00:42.857142857,2,0 days 00:00:42.857142857,2,81.19999694824219,81.66666666666667,1,743.1860962105176,17.4953376615612,22.292519175995178,24.01160947153226,0.023540991618074363,0.0,723.7635572451684,774.1935483870968
2025-12-15 15:00:51.428571428,2,0 days 00:00:51.428571428,2,80.19999694824219,80.19999694824219,1,743.1860962105176,17.4953376615612,22.292519175995178,24.01160947153226,0.023540991618074363,0.0,723.7635572451684,774.1935483870968
2025-12-15 15:01:00.000000000,2,0 days 00:01:00,3,80.19999694824219,82.33333079020183,1,725.3807724486429,14.347292894154108,19.05347614410772,19.936434532162714,0.01977898152128081,0.0,705.0528916078183,748.1297042781879
2025-12-15 15:01:08.571428571,2,0 days 00:01:08.571428571,3,81.69999694824219,82.33333079020183,1,725.3807724486429,14.347292894154108,19.05347614410772,19.936434532162714,0.01977898152128081,0.0,705.0528916078183,748.1297042781879
2025-12-15 15:01:17.142857142,2,0 days 00:01:17.142857142,3,85.0999984741211,82.33333079020183,1,725.3807724486429,14.347292894154108,19.05347614410772,19.936434532162714,0.01977898152128081,0.0,705.0528916078183,748.1297042781879
2025-12-15 15:01:25.714285714,2,0 days 00:01:25.714285714,3,82.0,82.73333231608073,1,725.3807724486429,14.347292894154108,19.05347614410772,19.936434532162714,0.01977898152128081,0.0,705.0528916078183,748.1297042781879
2025-12-15 15:01:34.285714285,2,0 days 00:01:34.285714285,3,83.5999984741211,82.73333231608073,1,725.3807724486429,14.347292894154108,19.05347614410772,19.936434532162714,0.01977898152128081,0.0,705.0528916078183,748.1297042781879
2025-12-15 15:01:42.857142857,2,0 days 00:01:42.857142857,3,82.5999984741211,82.73333231608073,1,725.3807724486429,14.347292894154108,19.05347614410772,19.936434532162714,0.01977898152128081,0.0,705.0528916078183,748.1297042781879
2025-12-15 15:01:51.428571428,2,0 days 00:01:51.428571428,3,84.0,84.0,1,725.3807724486429,14.347292894154108,19.05347614410772,19.936434532162714,0.01977898152128081,0.0,705.0528916078183,748.1297042781879
2025-12-15 15:02:00.000000000,2,0 days 00:02:00,4,84.0,84.96666717529297,1,694.866554007157,23.411696525174328,24.294531945891162,22.855396164039345,0.03369236350514172,20.0,648.6486486486486,714.2857142857143
2025-12-15 15:02:10.000000000,2,0 days 00:02:10,4,86.0,84.96666717529297,1,694.866554007157,23.411696525174328,24.294531945891162,22.855396164039345,0.03369236350514172,20.0,648.6486486486486,714.2857142857143
2025-12-15 15:02:20.000000000,2,0 days 00:02:20,4,84.9000015258789,84.96666717529297,1,694.866554007157,23.411696525174328,24.294531945891162,22.855396164039345,0.03369236350514172,20.0,648.6486486486486,714.2857142857143
2025-12-15 15:02:30.000000000,2,0 days 00:02:30,4,85.4000015258789,87.9000015258789,1,694.866554007157,23.411696525174328,24.294531945891162,22.855396164039345,0.03369236350514172,20.0,648.6486486486486,714.2857142857143
2025-12-15 15:02:40.000000000,2,0 days 00:02:40,4,85.80000305175781,87.9000015258789,1,694.866554007157,23.411696525174328,24.294531945891162,22.855396164039345,0.03369236350514172,20.0,648.6486486486486,714.2857142857143
2025-12-15 15:02:50.000000000,2,0 days 00:02:50,4,92.5,87.9000015258789,1,694.866554007157,23.411696525174328,24.294531945891162,22.855396164039345,0.03369236350514172,20.0,648.6486486486486,714.2857142857143
2025-12-15 15:03:00.000000000,2,0 days 00:03:00,5,92.5,90.0,1,695.4929672375196,30.462188770581687,28.776574573246766,27.361160670609173,0.043799420275343295,0.0,648.6486486486486,734.3941522789852
2025-12-15 15:03:08.571428571,2,0 days 00:03:08.571428571,5,87.0999984741211,90.0,1,695.4929672375196,30.462188770581687,28.776574573246766,27.361160670609173,0.043799420275343295,0.0,648.6486486486486,734.3941522789852
2025-12-15 15:03:17.142857142,2,0 days 00:03:17.142857142,5,90.4000015258789,90.0,1,695.4929672375196,30.462188770581687,28.776574573246766,27.361160670609173,0.043799420275343295,0.0,648.6486486486486,734.3941522789852
2025-12-15 15:03:25.714285714,2,0 days 00:03:25.714285714,5,85.0,84.39999898274739,1,695.4929672375196,30.462188770581687,28.776574573246766,27.361160670609173,0.043799420275343295,0.0,648.6486486486486,734.3941522789852
2025-12-15 15:03:34.285714285,2,0 days 00:03:34.285714285,5,83.5,84.39999898274739,1,695.4929672375196,30.462188770581687,28.776574573246766,27.361160670609173,0.043799420275343295,0.0,648.6486486486486,734.3941522789852
2025-12-15 15:03:42.857142857,2,0 days 00:03:42.857142857,5,84.69999694824219,84.39999898274739,1,695.4929672375196,30.462188770581687,28.776574573246766,27.361160670609173,0.043799420275343295,0.0,648.6486486486486,734.3941522789852
2025-12-15 15:03:51.428571428,2,0 days 00:03:51.428571428,5,81.69999694824219,81.69999694824219,1,695.4929672375196,30.462188770581687,28.776574573246766,27.361160670609173,0.043799420275343295,0.0,648.6486486486486,734.3941522789852
2025-12-15 15:04:00.000000000,2,0 days 00:04:00,6,81.69999694824219,82.56666564941406,1,706.5129729659801,29.54294087155786,25.76221731080927,25.548581847528805,0.04181514282396681,20.0,666.6666666666666,736.1963190184049
2025-12-15 15:04:10.000000000,2,0 days 00:04:10,6,81.5,82.56666564941406,1,706.5129729659801,29.54294087155786,25.76221731080927,25.548581847528805,0.04181514282396681,20.0,666.6666666666666,736.1963190184049
2025-12-15 15:04:20.000000000,2,0 days 00:04:20,6,84.5,82.56666564941406,1,706.5129729659801,29.54294087155786,25.76221731080927,25.548581847528805,0.04181514282396681,20.0,666.6666666666666,736.1963190184049
2025-12-15 15:04:30.000000000,2,0 days 00:04:30,6,83.69999694824219,87.53333282470703,1,706.5129729659801,29.54294087155786,25.76221731080927,25.548581847528805,0.04181514282396681,20.0,666.6666666666666,736.1963190184049
2025-12-15 15:04:40.000000000,2,0 days 00:04:40,6,90.0,87.53333282470703,1,706.5129729659801,29.54294087155786,25.76221731080927,25.548581847528805,0.04181514282396681,20.0,666.6666666666666,736.1963190184049
2025-12-15 15:04:50.000000000,2,0 days 00:04:50,6,88.9000015258789,87.53333282470703,1,706.5129729659801,29.54294087155786,25.76221731080927,25.548581847528805,0.04181514282396681,20.0,666.6666666666666,736.1963190184049
2025-12-15 15:05:00.000000000,2,0 days 00:05:00,7,88.9000015258789,86.86666870117188,1,701.7556773066812,16.990629616222325,19.573570089307594,21.035307242712644,0.02421160264984516,0.0,674.9156239613103,728.1553263218829
2025-12-15 15:05:08.571428571,2,0 days 00:05:08.571428571,7,86.80000305175781,86.86666870117188,1,701.7556773066812,16.990629616222325,19.573570089307594,21.035307242712644,0.02421160264984516,0.0,674.9156239613103,728.1553263218829
2025-12-15 15:05:17.142857142,2,0 days 00:05:17.142857142,7,84.9000015258789,86.86666870117188,1,701.7556773066812,16.990629616222325,19.573570089307594,21.035307242712644,0.02421160264984516,0.0,674.9156239613103,728.1553263218829
2025-12-15 15:05:25.714285714,2,0 days 00:05:25.714285714,7,82.4000015258789,84.06666819254558,1,701.7556773066812,16.990629616222325,19.573570089307594,21.035307242712644,0.02421160264984516,0.0,674.9156239613103,728.1553263218829
2025-12-15 15:05:34.285714285,2,0 days 00:05:34.285714285,7,85.80000305175781,84.06666819254558,1,701.7556773066812,16.990629616222325,19.573570089307594,21.035307242712644,0.02421160264984516,0.0,674.9156239613103,728.1553263218829
2025-12-15 15:05:42.857142857,2,0 days 00:05:42.857142857,7,84.0,84.06666819254558,1,701.7556773066812,16.990629616222325,19.573570089307594,21.035307242712644,0.02421160264984516,0.0,674.9156239613103,728.1553263218829
2025-12-15 15:05:51.428571428,2,0 days 00:05:51.428571428,7,86.0,86.0,1,701.7556773066812,16.990629616222325,19.573570089307594,21.035307242712644,0.02421160264984516,0.0,674.9156239613103,728.1553263218829
2025-12-15 15:06:00.000000000,2,0 days 00:06:00,8,86.0,88.0999984741211,1,693.467917590184,24.54750424467181,25.274504871953283,27.5943468655622,0.03539818299017338,0.0,657.8947588567486,733.4963051533854
2025-12-15 15:06:08.571428571,2,0 days 00:06:08.571428571,8,87.0999984741211,88.0999984741211,1,693.467917590184,24.54750424467181,25.274504871953283,27.5943468655622,0.03539818299017338,0.0,657.8947588567486,733.4963051533854
2025-12-15 15:06:17.142857142,2,0 days 00:06:17.142857142,8,91.19999694824219,88.0999984741211,1,693.467917590184,24.54750424467181,25.274504871953283,27.5943468655622,0.03539818299017338,0.0,657.8947588567486,733.4963051533854
2025-12-15 15:06:25.714285714,2,0 days 00:06:25.714285714,8,89.19999694824219,85.83333333333333,1,693.467917590184,24.54750424467181,25.274504871953283,27.5943468655622,0.03539818299017338,0.0,657.8947588567486,733.4963051533854
2025-12-15 15:06:34.285714285,2,0 days 00:06:34.285714285,8,86.5,85.83333333333333,1,693.467917590184,24.54750424467181,25.274504871953283,27.5943468655622,0.03539818299017338,0.0,657.8947588567486,733.4963051533854
2025-12-15 15:06:42.857142857,2,0 days 00:06:42.857142857,8,81.80000305175781,85.83333333333333,1,693.467917590184,24.54750424467181,25.274504871953283,27.5943468655622,0.03539818299017338,0.0,657.8947588567486,733.4963051533854
2025-12-15 15:06:51.428571428,2,0 days 00:06:51.428571428,8,84.5,84.5,1,693.467917590184,24.54750424467181,25.274504871953283,27.5943468655622,0.03539818299017338,0.0,657.8947588567486,733.4963051533854
2025-12-15 15:07:00.000000000,2,0 days 00:07:00,9,84.5,92.9000015258789,1,681.9097421797317,48.091465373734856,62.53971810650426,68.3994461494879,0.0705246785593794,33.33333333333333,585.937491268851,723.7635572451684
2025-12-15 15:07:08.571428571,2,0 days 00:07:08.571428571,9,102.4000015258789,92.9000015258789,1,681.9097421797317,48.091465373734856,62.53971810650426,68.3994461494879,0.0705246785593794,33.33333333333333,585.937491268851,723.7635572451684
2025-12-15 15:07:17.142857142,2,0 days 00:07:17.142857142,9,91.80000305175781,92.9000015258789,1,681.9097421797317,48.091465373734856,62.53971810650426,68.3994461494879,0.0705246785593794,33.33333333333333,585.937491268851,723.7635572451684
2025-12-15 15:07:25.714285714,2,0 days 00:07:25.714285714,9,86.0999984741211,84.33333333333333,1,681.9097421797317,48.091465373734856,62.53971810650426,68.3994461494879,0.0705246785593794,33.33333333333333,585.937491268851,723.7635572451684
2025-12-15 15:07:34.285714285,2,0 days 00:07:34.285714285,9,84.0,84.33333333333333,1,681.9097421797317,48.091465373734856,62.53971810650426,68.3994461494879,0.0705246785593794,33.33333333333333,585.937491268851,723.7635572451684
2025-12-15 15:07:42.857142857,2,0 days 00:07:42.857142857,9,82.9000015258789,84.33333333333333,1,681.9097421797317,48.091465373734856,62.53971810650426,68.3994461494879,0.0705246785593794,33.33333333333333,585.937491268851,723.7635572451684
2025-12-15 15:07:51.428571428,2,0 days 00:07:51.428571428,9,87.0999984741211,87.0999984741211,1,681.9097421797317,48.091465373734856,62.53971810650426,68.3994461494879,0.0705246785593794,33.33333333333333,585.937491268851,723.7635572451684
2025-12-15 15:08:00.000000000,2,0 days 00:08:00,10,87.0999984741211,86.3000005086263,1,713.5666329233042,25.191322230529572,34.64760378852664,37.587536935819436,0.035303391537980164,16.666666666666664,688.8633874985317,763.3587934452046
2025-12-15 15:08:08.571428571,2,0 days 00:08:08.571428571,10,85.5,86.3000005086263,1,713.5666329233042,25.191322230529572,34.64760378852664,37.587536935819436,0.035303391537980164,16.666666666666664,688.8633874985317,763.3587934452046
2025-12-15 15:08:17.142857142,2,0 days 00:08:17.142857142,10,86.30000305175781,86.3000005086263,1,713.5666329233042,25.191322230529572,34.64760378852664,37.587536935819436,0.035303391537980164,16.666666666666664,688.8633874985317,763.3587934452046
2025-12-15 15:08:25.714285714,2,0 days 00:08:25.714285714,10,82.80000305175781,82.23333485921223,1,713.5666329233042,25.191322230529572,34.64760378852664,37.587536935819436,0.035303391537980164,16.666666666666664,688.8633874985317,763.3587934452046
2025-12-15 15:08:34.285714285,2,0 days 00:08:34.285714285,10,85.30000305175781,82.23333485921223,1,713.5666329233042,25.191322230529572,34.64760378852664,37.587536935819436,0.035303391537980164,16.666666666666664,688.8633874985317,763.3587934452046
2025-12-15 15:08:42.857142857,2,0 days 00:08:42.857142857,10,78.5999984741211,82.23333485921223,1,713.5666329233042,25.191322230529572,34.64760378852664,37.587536935819436,0.035303391537980164,16.666666666666664,688.8633874985317,763.3587934452046
2025-12-15 15:08:51.428571428,2,0 days 00:08:51.428571428,10,83.5999984741211,83.5999984741211,1,713.5666329233042,25.191322230529572,34.64760378852664,37.587536935819436,0.035303391537980164,16.666666666666664,688.8633874985317,763.3587934452046
2025-12-15 15:09:00.000000000,2,0 days 00:09:00,11,83.5999984741211,91.1999994913737,1,699.4869791413104,51.74960818230174,60.493775002722074,66.08052487275711,0.07398223230092077,50.0,613.4969133717383,754.7169811320755
2025-12-15 15:09:08.571428571,2,0 days 00:09:08.571428571,11,92.19999694824219,91.1999994913737,1,699.4869791413104,51.74960818230174,60.493775002722074,66.08052487275711,0.07398223230092077,50.0,613.4969133717383,754.7169811320755
2025-12-15 15:09:17.142857142,2,0 days 00:09:17.142857142,11,97.80000305175781,91.1999994913737,1,699.4869791413104,51.74960818230174,60.493775002722074,66.08052487275711,0.07398223230092077,50.0,613.4969133717383,754.7169811320755
2025-12-15 15:09:25.714285714,2,0 days 00:09:25.714285714,11,83.19999694824219,80.96666463216145,1,699.4869791413104,51.74960818230174,60.493775002722074,66.08052487275711,0.07398223230092077,50.0,613.4969133717383,754.7169811320755
2025-12-15 15:09:34.285714285,2,0 days 00:09:34.285714285,11,79.5,80.96666463216145,1,699.4869791413104,51.74960818230174,60.493775002722074,66.08052487275711,0.07398223230092077,50.0,613.4969133717383,754.7169811320755
2025-12-15 15:09:42.857142857,2,0 days 00:09:42.857142857,11,80.19999694824219,80.96666463216145,1,699.4869791413104,51.74960818230174,60.493775002722074,66.08052487275711,0.07398223230092077,50.0,613.4969133717383,754.7169811320755
2025-12-15 15:09:51.428571428,2,0 days 00:09:51.428571428,11,86.9000015258789,86.9000015258789,1,699.4869791413104,51.74960818230174,60.493775002722074,66.08052487275711,0.07398223230092077,50.0,613.4969133717383,754.7169811320755
2025-12-15 15:10:00.000000000,2,0 days 00:10:00,12,86.9000015258789,88.36666870117188,1,691.5805848269089,18.893202994137035,23.903376974591627,26.164819796774463,0.027318874197235728,0.0,656.4551312727458,717.703362381919
2025-12-15 15:10:08.571428571,2,0 days 00:10:08.571428571,12,91.4000015258789,88.36666870117188,1,691.5805848269089,18.893202994137035,23.903376974591627,26.164819796774463,0.027318874197235728,0.0,656.4551312727458,717.703362381919
2025-12-15 15:10:17.142857142,2,0 days 00:10:17.142857142,12,86.80000305175781,88.36666870117188,1,691.5805848269089,18.893202994137035,23.903376974591627,26.164819796774463,0.027318874197235728,0.0,656.4551312727458,717.703362381919
2025-12-15 15:10:25.714285714,2,0 days 00:10:25.714285714,12,87.5999984741211,85.46666463216145,1,691.5805848269089,18.893202994137035,23.903376974591627,26.164819796774463,0.027318874197235728,0.0,656.4551312727458,717.703362381919
2025-12-15 15:10:34.285714285,2,0 days 00:10:34.285714285,12,85.19999694824219,85.46666463216145,1,691.5805848269089,18.893202994137035,23.903376974591627,26.164819796774463,0.027318874197235728,0.0,656.4551312727458,717.703362381919
2025-12-15 15:10:42.857142857,2,0 days 00:10:42.857142857,12,83.5999984741211,85.46666463216145,1,691.5805848269089,18.893202994137035,23.903376974591627,26.164819796774463,0.027318874197235728,0.0,656.4551312727458,717.703362381919
2025-12-15 15:10:51.428571428,2,0 days 00:10:51.428571428,12,86.19999694824219,86.19999694824219,1,691.5805848269089,18.893202994137035,23.903376974591627,26.164819796774463,0.027318874197235728,0.0,656.4551312727458,717.703362381919
2025-12-15 15:11:00.000000000,2,0 days 00:11:00,13,86.19999694824219,86.7999979654948,1,680.5819858294963,15.610663247882867,13.696353325576712,14.112162987520126,0.022937226627966833,0.0,655.7377049180328,696.0557090973717
2025-12-15 15:11:08.571428571,2,0 days 00:11:08.571428571,13,86.5,86.7999979654948,1,680.5819858294963,15.610663247882867,13.696353325576712,14.112162987520126,0.022937226627966833,0.0,655.7377049180328,696.0557090973717
2025-12-15 15:11:17.142857142,2,0 days 00:11:17.142857142,13,87.69999694824219,86.7999979654948,1,680.5819858294963,15.610663247882867,13.696353325576712,14.112162987520126,0.022937226627966833,0.0,655.7377049180328,696.0557090973717
2025-12-15 15:11:25.714285714,2,0 days 00:11:25.714285714,13,86.4000015258789,89.06666819254558,1,680.5819858294963,15.610663247882867,13.696353325576712,14.112162987520126,0.022937226627966833,0.0,655.7377049180328,696.0557090973717
2025-12-15 15:11:34.285714285,2,0 days 00:11:34.285714285,13,89.30000305175781,89.06666819254558,1,680.5819858294963,15.610663247882867,13.696353325576712,14.112162987520126,0.022937226627966833,0.0,655.7377049180328,696.0557090973717
2025-12-15 15:11:42.857142857,2,0 days 00:11:42.857142857,13,91.5,89.06666819254558,1,680.5819858294963,15.610663247882867,13.696353325576712,14.112162987520126,0.022937226627966833,0.0,655.7377049180328,696.0557090973717
2025-12-15 15:11:51.428571428,2,0 days 00:11:51.428571428,13,89.80000305175781,89.80000305175781,1,680.5819858294963,15.610663247882867,13.696353325576712,14.112162987520126,0.022937226627966833,0.0,655.7377049180328,696.0557090973717
2025-12-15 15:12:00.000000000,2,0 days 00:12:00,14,89.80000305175781,89.43333435058594,1,701.837080006661,33.650783486342725,33.09306599377817,35.46774090682453,0.04794671647446064,16.666666666666664,660.7929293328195,752.8231154006753
2025-12-15 15:12:08.571428571,2,0 days 00:12:08.571428571,14,90.80000305175781,89.43333435058594,1,701.837080006661,33.650783486342725,33.09306599377817,35.46774090682453,0.04794671647446064,16.666666666666664,660.7929293328195,752.8231154006753
2025-12-15 15:12:17.142857142,2,0 days 00:12:17.142857142,14,87.69999694824219,89.43333435058594,1,701.837080006661,33.650783486342725,33.09306599377817,35.46774090682453,0.04794671647446064,16.666666666666664,660.7929293328195,752.8231154006753
2025-12-15 15:12:25.714285714,2,0 days 00:12:25.714285714,14,79.69999694824219,82.23333231608073,1,701.837080006661,33.650783486342725,33.09306599377817,35.46774090682453,0.04794671647446064,16.666666666666664,660.7929293328195,752.8231154006753
2025-12-15 15:12:34.285714285,2,0 days 00:12:34.285714285,14,81.80000305175781,82.23333231608073,1,701.837080006661,33.650783486342725,33.09306599377817,35.46774090682453,0.04794671647446064,16.666666666666664,660.7929293328195,752.8231154006753
2025-12-15 15:12:42.857142857,2,0 days 00:12:42.857142857,14,85.19999694824219,82.23333231608073,1,701.837080006661,33.650783486342725,33.09306599377817,35.46774090682453,0.04794671647446064,16.666666666666664,660.7929293328195,752.8231154006753
2025-12-15 15:12:51.428571428,2,0 days 00:12:51.428571428,14,84.5999984741211,84.5999984741211,1,701.837080006661,33.650783486342725,33.09306599377817,35.46774090682453,0.04794671647446064,16.666666666666664,660.7929293328195,752.8231154006753
2025-12-15 15:13:00.000000000,2,0 days 00:13:00,15,84.5999984741211,85.93333180745442,1,710.0993920129678,20.749787253822753,25.402735037900296,27.51636908837275,0.029220961864228467,0.0,684.1505369197463,738.9162839284919
2025-12-15 15:13:08.571428571,2,0 days 00:13:08.571428571,15,87.69999694824219,85.93333180745442,1,710.0993920129678,20.749787253822753,25.402735037900296,27.51636908837275,0.029220961864228467,0.0,684.1505369197463,738.9162839284919
2025-12-15 15:13:17.142857142,2,0 days 00:13:17.142857142,15,85.5,85.93333180745442,1,710.0993920129678,20.749787253822753,25.402735037900296,27.51636908837275,0.029220961864228467,0.0,684.1505369197463,738.9162839284919
2025-12-15 15:13:25.714285714,2,0 days 00:13:25.714285714,15,81.19999694824219,82.23333231608073,1,710.0993920129678,20.749787253822753,25.402735037900296,27.51636908837275,0.029220961864228467,0.0,684.1505369197463,738.9162839284919
2025-12-15 15:13:34.285714285,2,0 days 00:13:34.285714285,15,82.5999984741211,82.23333231608073,1,710.0993920129678,20.749787253822753,25.402735037900296,27.51636908837275,0.029220961864228467,0.0,684.1505369197463,738.9162839284919
2025-12-15 15:13:42.857142857,2,0 days 00:13:42.857142857,15,82.9000015258789,82.23333231608073,1,710.0993920129678,20.749787253822753,25.402735037900296,27.51636908837275,0.029220961864228467,0.0,684.1505369197463,738.9162839284919
2025-12-15 15:13:51.428571428,2,0 days 00:13:51.428571428,15,87.4000015258789,87.4000015258789,1,710.0993920129678,20.749787253822753,25.402735037900296,27.51636908837275,0.029220961864228467,0.0,684.1505369197463,738.9162839284919
2025-12-15 15:14:00.000000000,2,0 days 00:14:00,16,87.4000015258789,87.86666870117188,1,681.1244499776466,20.383026639982745,35.19684353404483,38.553826470672895,0.029925554192999068,16.666666666666664,652.8835582565697,711.7437464760434
2025-12-15 15:14:08.571428571,2,0 days 00:14:08.571428571,16,84.30000305175781,87.86666870117188,1,681.1244499776466,20.383026639982745,35.19684353404483,38.553826470672895,0.029925554192999068,16.666666666666664,652.8835582565697,711.7437464760434
2025-12-15 15:14:17.142857142,2,0 days 00:14:17.142857142,16,91.9000015258789,87.86666870117188,1,681.1244499776466,20.383026639982745,35.19684353404483,38.553826470672895,0.029925554192999068,16.666666666666664,652.8835582565697,711.7437464760434
2025-12-15 15:14:25.714285714,2,0 days 00:14:25.714285714,16,85.9000015258789,88.60000101725261,1,681.1244499776466,20.383026639982745,35.19684353404483,38.553826470672895,0.029925554192999068,16.666666666666664,652.8835582565697,711.7437464760434
2025-12-15 15:14:34.285714285,2,0 days 00:14:34.285714285,16,89.5,88.60000101725261,1,681.1244499776466,20.383026639982745,35.19684353404483,38.553826470672895,0.029925554192999068,16.666666666666664,652.8835582565697,711.7437464760434
2025-12-15 15:14:42.857142857,2,0 days 00:14:42.857142857,16,90.4000015258789,88.60000101725261,1,681.1244499776466,20.383026639982745,35.19684353404483,38.553826470672895,0.029925554192999068,16.666666666666664,652.8835582565697,711.7437464760434
2025-12-15 15:14:51.428571428,2,0 days 00:14:51.428571428,16,87.69999694824219,87.69999694824219,1,681.1244499776466,20.383026639982745,35.19684353404483,38.553826470672895,0.029925554192999068,16.666666666666664,652.8835582565697,711.7437464760434
2025-12-15 15:15:00.000000000,2,0 days 00:15:00,17,87.69999694824219,88.33333333333333,1,699.1821399098181,26.070175056762768,28.74386311606513,31.439607385459425,0.037286671910877686,0.0,667.4082200402211,747.1979790751274
2025-12-15 15:15:08.571428571,2,0 days 00:15:08.571428571,17,89.9000015258789,88.33333333333333,1,699.1821399098181,26.070175056762768,28.74386311606513,31.439607385459425,0.037286671910877686,0.0,667.4082200402211,747.1979790751274
2025-12-15 15:15:17.142857142,2,0 days 00:15:17.142857142,17,87.4000015258789,88.33333333333333,1,699.1821399098181,26.070175056762768,28.74386311606513,31.439607385459425,0.037286671910877686,0.0,667.4082200402211,747.1979790751274
2025-12-15 15:15:25.714285714,2,0 days 00:15:25.714285714,17,83.5999984741211,83.3000005086263,1,699.1821399098181,26.070175056762768,28.74386311606513,31.439607385459425,0.037286671910877686,0.0,667.4082200402211,747.1979790751274
2025-12-15 15:15:34.285714285,2,0 days 00:15:34.285714285,17,80.30000305175781,83.3000005086263,1,699.1821399098181,26.070175056762768,28.74386311606513,31.439607385459425,0.037286671910877686,0.0,667.4082200402211,747.1979790751274
2025-12-15 15:15:42.857142857,2,0 days 00:15:42.857142857,17,86.0,83.3000005086263,1,699.1821399098181,26.070175056762768,28.74386311606513,31.439607385459425,0.037286671910877686,0.0,667.4082200402211,747.1979790751274
2025-12-15 15:15:51.428571428,2,0 days 00:15:51.428571428,17,86.5,86.5,1,699.1821399098181,26.070175056762768,28.74386311606513,31.439607385459425,0.037286671910877686,0.0,667.4082200402211,747.1979790751274
2025-12-15 15:16:00.000000000,2,0 days 00:16:00,18,86.5,83.39999898274739,1,718.2245079779888,23.186030743887223,35.86958220474675,39.02883566594298,0.032282427689863516,16.666666666666664,685.7142857142857,748.1297042781879
2025-12-15 15:16:08.571428571,2,0 days 00:16:08.571428571,18,83.0,83.39999898274739,1,718.2245079779888,23.186030743887223,35.86958220474675,39.02883566594298,0.032282427689863516,16.666666666666664,685.7142857142857,748.1297042781879
2025-12-15 15:16:17.142857142,2,0 days 00:16:17.142857142,18,80.69999694824219,83.39999898274739,1,718.2245079779888,23.186030743887223,35.86958220474675,39.02883566594298,0.032282427689863516,16.666666666666664,685.7142857142857,748.1297042781879
2025-12-15 15:16:25.714285714,2,0 days 00:16:25.714285714,18,83.9000015258789,83.86666615804036,1,718.2245079779888,23.186030743887223,35.86958220474675,39.02883566594298,0.032282427689863516,16.666666666666664,685.7142857142857,748.1297042781879
2025-12-15 15:16:34.285714285,2,0 days 00:16:34.285714285,18,87.5,83.86666615804036,1,718.2245079779888,23.186030743887223,35.86958220474675,39.02883566594298,0.032282427689863516,16.666666666666664,685.7142857142857,748.1297042781879
2025-12-15 15:16:42.857142857,2,0 days 00:16:42.857142857,18,80.19999694824219,83.86666615804036,1,718.2245079779888,23.186030743887223,35.86958220474675,39.02883566594298,0.032282427689863516,16.666666666666664,685.7142857142857,748.1297042781879
2025-12-15 15:16:51.428571428,2,0 days 00:16:51.428571428,18,83.5,83.5,1,718.2245079779888,23.186030743887223,35.86958220474675,39.02883566594298,0.032282427689863516,16.666666666666664,685.7142857142857,748.1297042781879
2025-12-15 15:17:00.000000000,2,0 days 00:17:00,19,83.5,85.66666666666667,2,704.1706952140692,20.806400274239362,30.720223472470906,33.52550259711232,0.02954738164432443,16.666666666666664,667.4082200402211,730.8160915363808
2025-12-15 15:17:08.571428571,2,0 days 00:17:08.571428571,19,83.5999984741211,85.66666666666667,2,704.1706952140692,20.806400274239362,30.720223472470906,33.52550259711232,0.02954738164432443,16.666666666666664,667.4082200402211,730.8160915363808
2025-12-15 15:17:17.142857142,2,0 days 00:17:17.142857142,19,89.9000015258789,85.66666666666667,2,704.1706952140692,20.806400274239362,30.720223472470906,33.52550259711232,0.02954738164432443,16.666666666666664,667.4082200402211,730.8160915363808
2025-12-15 15:17:25.714285714,2,0 days 00:17:25.714285714,19,86.5,84.83333333333333,2,704.1706952140692,20.806400274239362,30.720223472470906,33.52550259711232,0.02954738164432443,16.666666666666664,667.4082200402211,730.8160915363808
2025-12-15 15:17:34.285714285,2,0 days 00:17:34.285714285,19,82.0999984741211,84.83333333333333,2,704.1706952140692,20.806400274239362,30.720223472470906,33.52550259711232,0.02954738164432443,16.666666666666664,667.4082200402211,730.8160915363808
2025-12-15 15:17:42.857142857,2,0 days 00:17:42.857142857,19,85.9000015258789,84.83333333333333,2,704.1706952140692,20.806400274239362,30.720223472470906,33.52550259711232,0.02954738164432443,16.666666666666664,667.4082200402211,730.8160915363808
2025-12-15 15:17:51.428571428,2,0 days 00:17:51.428571428,19,85.4000015258789,85.4000015258789,2,704.1706952140692,20.806400274239362,30.720223472470906,33.52550259711232,0.02954738164432443,16.666666666666664,667.4082200402211,730.8160915363808
2025-12-15 15:18:00.000000000,2,0 days 00:18:00,20,85.4000015258789,83.43333435058594,2,722.7836709522924,42.733202270787345,48.41241799832758,52.96700609109407,0.05912308756849042,33.33333333333333,683.371274652806,778.2101321330016
2025-12-15 15:18:08.571428571,2,0 days 00:18:08.571428571,20,87.80000305175781,83.43333435058594,2,722.7836709522924,42.733202270787345,48.41241799832758,52.96700609109407,0.05912308756849042,33.33333333333333,683.371274652806,778.2101321330016
2025-12-15 15:18:17.142857142,2,0 days 00:18:17.142857142,20,77.0999984741211,83.43333435058594,2,722.7836709522924,42.733202270787345,48.41241799832758,52.96700609109407,0.05912308756849042,33.33333333333333,683.371274652806,778.2101321330016
2025-12-15 15:18:25.714285714,2,0 days 00:18:25.714285714,20,77.5,81.76666514078777,2,722.7836709522924,42.733202270787345,48.41241799832758,52.96700609109407,0.05912308756849042,33.33333333333333,683.371274652806,778.2101321330016
2025-12-15 15:18:34.285714285,2,0 days 00:18:34.285714285,20,80.19999694824219,81.76666514078777,2,722.7836709522924,42.733202270787345,48.41241799832758,52.96700609109407,0.05912308756849042,33.33333333333333,683.371274652806,778.2101321330016
2025-12-15 15:18:42.857142857,2,0 days 00:18:42.857142857,20,87.5999984741211,81.76666514078777,2,722.7836709522924,42.733202270787345,48.41241799832758,52.96700609109407,0.05912308756849042,33.33333333333333,683.371274652806,778.2101321330016
2025-12-15 15:18:51.428571428,2,0 days 00:18:51.428571428,20,87.19999694824219,87.19999694824219,2,722.7836709522924,42.733202270787345,48.41241799832758,52.96700609109407,0.05912308756849042,33.33333333333333,683.371274652806,778.2101321330016
2025-12-15 15:19:00.000000000,2,0 days 00:19:00,21,87.19999694824219,82.93333435058594,2,734.4671739506124,32.37575012641682,36.55693867835304,36.07611676014331,0.04408059512349813,16.666666666666664,688.0734185760715,783.2898328355801
2025-12-15 15:19:08.571428571,2,0 days 00:19:08.571428571,21,82.30000305175781,82.93333435058594,2,734.4671739506124,32.37575012641682,36.55693867835304,36.07611676014331,0.04408059512349813,16.666666666666664,688.0734185760715,783.2898328355801
2025-12-15 15:19:17.142857142,2,0 days 00:19:17.142857142,21,79.30000305175781,82.93333435058594,2,734.4671739506124,32.37575012641682,36.55693867835304,36.07611676014331,0.04408059512349813,16.666666666666664,688.0734185760715,783.2898328355801
2025-12-15 15:19:25.714285714,2,0 days 00:19:25.714285714,21,85.5,82.46666717529297,2,734.4671739506124,32.37575012641682,36.55693867835304,36.07611676014331,0.04408059512349813,16.666666666666664,688.0734185760715,783.2898328355801
2025-12-15 15:19:34.285714285,2,0 days 00:19:34.285714285,21,81.5999984741211,82.46666717529297,2,734.4671739506124,32.37575012641682,36.55693867835304,36.07611676014331,0.04408059512349813,16.666666666666664,688.0734185760715,783.2898328355801
2025-12-15 15:19:42.857142857,2,0 days 00:19:42.857142857,21,80.30000305175781,82.46666717529297,2,734.4671739506124,32.37575012641682,36.55693867835304,36.07611676014331,0.04408059512349813,16.666666666666664,688.0734185760715,783.2898328355801
2025-12-15 15:19:51.428571428,2,0 days 00:19:51.428571428,21,76.5999984741211,76.5999984741211,2,734.4671739506124,32.37575012641682,36.55693867835304,36.07611676014331,0.04408059512349813,16.666666666666664,688.0734185760715,783.2898328355801
2025-12-15 15:20:00.000000000,2,0 days 00:20:00,22,76.5999984741211,81.13333129882812,2,718.8714476611889,44.6509228091982,58.183534704406874,63.08519588253216,0.06211252784411966,50.0,662.9834254143647,783.2898328355801
2025-12-15 15:20:08.571428571,2,0 days 00:20:08.571428571,22,85.69999694824219,81.13333129882812,2,718.8714476611889,44.6509228091982,58.183534704406874,63.08519588253216,0.06211252784411966,50.0,662.9834254143647,783.2898328355801
2025-12-15 15:20:17.142857142,2,0 days 00:20:17.142857142,22,81.0999984741211,81.13333129882812,2,718.8714476611889,44.6509228091982,58.183534704406874,63.08519588253216,0.06211252784411966,50.0,662.9834254143647,783.2898328355801
2025-12-15 15:20:25.714285714,2,0 days 00:20:25.714285714,22,80.30000305175781,87.0,2,718.8714476611889,44.6509228091982,58.183534704406874,63.08519588253216,0.06211252784411966,50.0,662.9834254143647,783.2898328355801
2025-12-15 15:20:34.285714285,2,0 days 00:20:34.285714285,22,90.5,87.0,2,718.8714476611889,44.6509228091982,58.183534704406874,63.08519588253216,0.06211252784411966,50.0,662.9834254143647,783.2898328355801
2025-12-15 15:20:42.857142857,2,0 days 00:20:42.857142857,22,90.19999694824219,87.0,2,718.8714476611889,44.6509228091982,58.183534704406874,63.08519588253216,0.06211252784411966,50.0,662.9834254143647,783.2898328355801
2025-12-15 15:20:51.428571428,2,0 days 00:20:51.428571428,22,81.80000305175781,81.80000305175781,2,718.8714476611889,44.6509228091982,58.183534704406874,63.08519588253216,0.06211252784411966,50.0,662.9834254143647,783.2898328355801
2025-12-15 15:21:00.000000000,2,0 days 00:21:00,23,81.80000305175781,81.06666564941406,2,733.5063024252678,29.371768871713577,34.89354198034325,37.004918057211405,0.04004296728548706,0.0,681.0442796729977,767.2634570524584
2025-12-15 15:21:08.571428571,2,0 days 00:21:08.571428571,23,78.19999694824219,81.06666564941406,2,733.5063024252678,29.371768871713577,34.89354198034325,37.004918057211405,0.04004296728548706,0.0,681.0442796729977,767.2634570524584
2025-12-15 15:21:17.142857142,2,0 days 00:21:17.142857142,23,83.19999694824219,81.06666564941406,2,733.5063024252678,29.371768871713577,34.89354198034325,37.004918057211405,0.04004296728548706,0.0,681.0442796729977,767.2634570524584
2025-12-15 15:21:25.714285714,2,0 days 00:21:25.714285714,23,79.9000015258789,80.6999994913737,2,733.5063024252678,29.371768871713577,34.89354198034325,37.004918057211405,0.04004296728548706,0.0,681.0442796729977,767.2634570524584
2025-12-15 15:21:34.285714285,2,0 days 00:21:34.285714285,23,79.0,80.6999994913737,2,733.5063024252678,29.371768871713577,34.89354198034325,37.004918057211405,0.04004296728548706,0.0,681.0442796729977,767.2634570524584
2025-12-15 15:21:42.857142857,2,0 days 00:21:42.857142857,23,83.19999694824219,80.6999994913737,2,733.5063024252678,29.371768871713577,34.89354198034325,37.004918057211405,0.04004296728548706,0.0,681.0442796729977,767.2634570524584
2025-12-15 15:21:51.428571428,2,0 days 00:21:51.428571428,23,88.0999984741211,88.0999984741211,2,733.5063024252678,29.371768871713577,34.89354198034325,37.004918057211405,0.04004296728548706,0.0,681.0442796729977,767.2634570524584
2025-12-15 15:22:00.000000000,2,0 days 00:22:00,24,88.0999984741211,86.73333231608073,2,701.5586008307158,40.91848784191403,48.92166171465163,51.00010184801064,0.05832511752184697,50.0,641.0256514757214,771.2081959699146
2025-12-15 15:22:08.571428571,2,0 days 00:22:08.571428571,24,88.5,86.73333231608073,2,701.5586008307158,40.91848784191403,48.92166171465163,51.00010184801064,0.05832511752184697,50.0,641.0256514757214,771.2081959699146
2025-12-15 15:22:17.142857142,2,0 days 00:22:17.142857142,24,83.5999984741211,86.73333231608073,2,701.5586008307158,40.91848784191403,48.92166171465163,51.00010184801064,0.05832511752184697,50.0,641.0256514757214,771.2081959699146
2025-12-15 15:22:25.714285714,2,0 days 00:22:25.714285714,24,93.5999984741211,87.46666717529297,2,701.5586008307158,40.91848784191403,48.92166171465163,51.00010184801064,0.05832511752184697,50.0,641.0256514757214,771.2081959699146
2025-12-15 15:22:34.285714285,2,0 days 00:22:34.285714285,24,85.30000305175781,87.46666717529297,2,701.5586008307158,40.91848784191403,48.92166171465163,51.00010184801064,0.05832511752184697,50.0,641.0256514757214,771.2081959699146
2025-12-15 15:22:42.857142857,2,0 days 00:22:42.857142857,24,83.5,87.46666717529297,2,701.5586008307158,40.91848784191403,48.92166171465163,51.00010184801064,0.05832511752184697,50.0,641.0256514757214,771.2081959699146
2025-12-15 15:22:51.428571428,2,0 days 00:22:51.428571428,24,77.80000305175781,77.80000305175781,2,701.5586008307158,40.91848784191403,48.92166171465163,51.00010184801064,0.05832511752184697,50.0,641.0256514757214,771.2081959699146
2025-12-15 15:23:00.000000000,2,0 days 00:23:00,25,77.80000305175781,80.06666564941406,2,725.4395980112962,34.71770726799627,40.940920269946815,41.605943627038414,0.04785747478242242,33.33333333333333,679.501675269824,771.2081959699146
2025-12-15 15:23:08.571428571,2,0 days 00:23:08.571428571,25,79.19999694824219,80.06666564941406,2,725.4395980112962,34.71770726799627,40.940920269946815,41.605943627038414,0.04785747478242242,33.33333333333333,679.501675269824,771.2081959699146
2025-12-15 15:23:17.142857142,2,0 days 00:23:17.142857142,25,83.19999694824219,80.06666564941406,2,725.4395980112962,34.71770726799627,40.940920269946815,41.605943627038414,0.04785747478242242,33.33333333333333,679.501675269824,771.2081959699146
2025-12-15 15:23:25.714285714,2,0 days 00:23:25.714285714,25,84.5,83.86666615804036,2,725.4395980112962,34.71770726799627,40.940920269946815,41.605943627038414,0.04785747478242242,33.33333333333333,679.501675269824,771.2081959699146
2025-12-15 15:23:34.285714285,2,0 days 00:23:34.285714285,25,86.9000015258789,83.86666615804036,2,725.4395980112962,34.71770726799627,40.940920269946815,41.605943627038414,0.04785747478242242,33.33333333333333,679.501675269824,771.2081959699146
2025-12-15 15:23:42.857142857,2,0 days 00:23:42.857142857,25,80.19999694824219,83.86666615804036,2,725.4395980112962,34.71770726799627,40.940920269946815,41.605943627038414,0.04785747478242242,33.33333333333333,679.501675269824,771.2081959699146
2025-12-15 15:23:51.428571428,2,0 days 00:23:51.428571428,25,88.30000305175781,88.30000305175781,2,725.4395980112962,34.71770726799627,40.940920269946815,41.605943627038414,0.04785747478242242,33.33333333333333,679.501675269824,771.2081959699146
2025-12-15 15:24:00.000000000,2,0 days 00:24:00,26,88.30000305175781,89.76666768391927,2,722.5720186438293,54.362329421122084,48.36730954517595,51.86141245439189,0.0752344790809266,33.33333333333333,634.2494816890899,781.2499689559154
2025-12-15 15:24:08.571428571,2,0 days 00:24:08.571428571,26,94.5999984741211,89.76666768391927,2,722.5720186438293,54.362329421122084,48.36730954517595,51.86141245439189,0.0752344790809266,33.33333333333333,634.2494816890899,781.2499689559154
2025-12-15 15:24:17.142857142,2,0 days 00:24:17.142857142,26,86.4000015258789,89.76666768391927,2,722.5720186438293,54.362329421122084,48.36730954517595,51.86141245439189,0.0752344790809266,33.33333333333333,634.2494816890899,781.2499689559154
2025-12-15 15:24:25.714285714,2,0 days 00:24:25.714285714,26,76.80000305175781,77.9000015258789,2,722.5720186438293,54.362329421122084,48.36730954517595,51.86141245439189,0.0752344790809266,33.33333333333333,634.2494816890899,781.2499689559154
2025-12-15 15:24:34.285714285,2,0 days 00:24:34.285714285,26,78.30000305175781,77.9000015258789,2,722.5720186438293,54.362329421122084,48.36730954517595,51.86141245439189,0.0752344790809266,33.33333333333333,634.2494816890899,781.2499689559154
2025-12-15 15:24:42.857142857,2,0 days 00:24:42.857142857,26,78.5999984741211,77.9000015258789,2,722.5720186438293,54.362329421122084,48.36730954517595,51.86141245439189,0.0752344790809266,33.33333333333333,634.2494816890899,781.2499689559154
2025-12-15 15:24:51.428571428,2,0 days 00:24:51.428571428,26,81.19999694824219,81.19999694824219,2,722.5720186438293,54.362329421122084,48.36730954517595,51.86141245439189,0.0752344790809266,33.33333333333333,634.2494816890899,781.2499689559154
2025-12-15 15:25:00.000000000,2,0 days 00:25:00,27,81.19999694824219,80.86666615804036,2,724.6457557212858,25.022297949875448,28.15479214321279,30.809556215249287,0.034530386402345195,0.0,682.5938448059665,753.7688586703517
2025-12-15 15:25:10.000000000,2,0 days 00:25:10,27,81.80000305175781,80.86666615804036,2,724.6457557212858,25.022297949875448,28.15479214321279,30.809556215249287,0.034530386402345195,0.0,682.5938448059665,753.7688586703517
2025-12-15 15:25:20.000000000,2,0 days 00:25:20,27,79.5999984741211,80.86666615804036,2,724.6457557212858,25.022297949875448,28.15479214321279,30.809556215249287,0.034530386402345195,0.0,682.5938448059665,753.7688586703517
2025-12-15 15:25:30.000000000,2,0 days 00:25:30,27,82.30000305175781,84.9000015258789,2,724.6457557212858,25.022297949875448,28.15479214321279,30.809556215249287,0.034530386402345195,0.0,682.5938448059665,753.7688586703517
2025-12-15 15:25:40.000000000,2,0 days 00:25:40,27,87.9000015258789,84.9000015258789,2,724.6457557212858,25.022297949875448,28.15479214321279,30.809556215249287,0.034530386402345195,0.0,682.5938448059665,753.7688586703517
2025-12-15 15:25:50.000000000,2,0 days 00:25:50,27,84.5,84.9000015258789,2,724.6457557212858,25.022297949875448,28.15479214321279,30.809556215249287,0.034530386402345195,0.0,682.5938448059665,753.7688586703517
2025-12-15 15:26:00.000000000,2,0 days 00:26:00,28,84.5,81.03333282470703,3,743.7021445866294,22.752980758386936,31.41177314120268,32.48568885553614,0.030594211572475275,0.0,710.0591715976332,772.2008025298562
2025-12-15 15:26:08.571428571,2,0 days 00:26:08.571428571,28,80.19999694824219,81.03333282470703,3,743.7021445866294,22.752980758386936,31.41177314120268,32.48568885553614,0.030594211572475275,0.0,710.0591715976332,772.2008025298562
2025-12-15 15:26:17.142857142,2,0 days 00:26:17.142857142,28,78.4000015258789,81.03333282470703,3,743.7021445866294,22.752980758386936,31.41177314120268,32.48568885553614,0.030594211572475275,0.0,710.0591715976332,772.2008025298562
2025-12-15 15:26:25.714285714,2,0 days 00:26:25.714285714,28,83.5,81.46666717529297,3,743.7021445866294,22.752980758386936,31.41177314120268,32.48568885553614,0.030594211572475275,0.0,710.0591715976332,772.2008025298562
2025-12-15 15:26:34.285714285,2,0 days 00:26:34.285714285,28,80.0,81.46666717529297,3,743.7021445866294,22.752980758386936,31.41177314120268,32.48568885553614,0.030594211572475275,0.0,710.0591715976332,772.2008025298562
2025-12-15 15:26:42.857142857,2,0 days 00:26:42.857142857,28,80.9000015258789,81.46666717529297,3,743.7021445866294,22.752980758386936,31.41177314120268,32.48568885553614,0.030594211572475275,0.0,710.0591715976332,772.2008025298562
2025-12-15 15:26:51.428571428,2,0 days 00:26:51.428571428,28,77.69999694824219,77.69999694824219,3,743.7021445866294,22.752980758386936,31.41177314120268,32.48568885553614,0.030594211572475275,0.0,710.0591715976332,772.2008025298562
2025-12-15 15:27:00.000000000,2,0 days 00:27:00,29,77.69999694824219,79.06666564941406,3,775.2334337889091,22.481717825445585,26.744739836102134,29.900704385295732,0.028999933240195116,0.0,748.1297042781879,805.3691275167786
2025-12-15 15:27:10.000000000,2,0 days 00:27:10,29,80.19999694824219,79.06666564941406,3,775.2334337889091,22.481717825445585,26.744739836102134,29.900704385295732,0.028999933240195116,0.0,748.1297042781879,805.3691275167786
2025-12-15 15:27:20.000000000,2,0 days 00:27:20,29,79.30000305175781,79.06666564941406,3,775.2334337889091,22.481717825445585,26.744739836102134,29.900704385295732,0.028999933240195116,0.0,748.1297042781879,805.3691275167786
2025-12-15 15:27:30.000000000,2,0 days 00:27:30,29,75.19999694824219,75.83333333333333,3,775.2334337889091,22.481717825445585,26.744739836102134,29.900704385295732,0.028999933240195116,0.0,748.1297042781879,805.3691275167786
2025-12-15 15:27:40.000000000,2,0 days 00:27:40,29,74.5,75.83333333333333,3,775.2334337889091,22.481717825445585,26.744739836102134,29.900704385295732,0.028999933240195116,0.0,748.1297042781879,805.3691275167786
2025-12-15 15:27:50.000000000,2,0 days 00:27:50,29,77.80000305175781,75.83333333333333,3,775.2334337889091,22.481717825445585,26.744739836102134,29.900704385295732,0.028999933240195116,0.0,748.1297042781879,805.3691275167786
2025-12-15 15:28:00.000000000,2,0 days 00:28:00,30,77.80000305175781,84.36666615804036,3,704.9102217703079,36.9275541712081,39.08800848064372,40.61049355020828,0.0523861805812213,33.33333333333333,651.4658088388484,771.2081959699146
2025-12-15 15:28:08.571428571,2,0 days 00:28:08.571428571,30,83.19999694824219,84.36666615804036,3,704.9102217703079,36.9275541712081,39.08800848064372,40.61049355020828,0.0523861805812213,33.33333333333333,651.4658088388484,771.2081959699146
2025-12-15 15:28:17.142857142,2,0 days 00:28:17.142857142,30,92.0999984741211,84.36666615804036,3,704.9102217703079,36.9275541712081,39.08800848064372,40.61049355020828,0.0523861805812213,33.33333333333333,651.4658088388484,771.2081959699146
2025-12-15 15:28:25.714285714,2,0 days 00:28:25.714285714,30,88.0999984741211,86.0,3,704.9102217703079,36.9275541712081,39.08800848064372,40.61049355020828,0.0523861805812213,33.33333333333333,651.4658088388484,771.2081959699146
2025-12-15 15:28:34.285714285,2,0 days 00:28:34.285714285,30,84.5,86.0,3,704.9102217703079,36.9275541712081,39.08800848064372,40.61049355020828,0.0523861805812213,33.33333333333333,651.4658088388484,771.2081959699146
2025-12-15 15:28:42.857142857,2,0 days 00:28:42.857142857,30,85.4000015258789,86.0,3,704.9102217703079,36.9275541712081,39.08800848064372,40.61049355020828,0.0523861805812213,33.33333333333333,651.4658088388484,771.2081959699146
2025-12-15 15:28:51.428571428,2,0 days 00:28:51.428571428,30,86.0999984741211,86.0999984741211,3,704.9102217703079,36.9275541712081,39.08800848064372,40.61049355020828,0.0523861805812213,33.33333333333333,651.4658088388484,771.2081959699146
2025-12-15 15:29:00.000000000,2,0 days 00:29:00,31,86.0999984741211,79.46666463216145,3,771.0954083846376,41.811287775315265,50.264082683953,52.401233325062954,0.05422323531001882,50.0,696.8641238482029,818.5538540514581
2025-12-15 15:29:08.571428571,2,0 days 00:29:08.571428571,31,78.5999984741211,79.46666463216145,3,771.0954083846376,41.811287775315265,50.264082683953,52.401233325062954,0.05422323531001882,50.0,696.8641238482029,818.5538540514581
2025-12-15 15:29:17.142857142,2,0 days 00:29:17.142857142,31,73.69999694824219,79.46666463216145,3,771.0954083846376,41.811287775315265,50.264082683953,52.401233325062954,0.05422323531001882,50.0,696.8641238482029,818.5538540514581
2025-12-15 15:29:25.714285714,2,0 days 00:29:25.714285714,31,78.4000015258789,77.23333485921223,3,771.0954083846376,41.811287775315265,50.264082683953,52.401233325062954,0.05422323531001882,50.0,696.8641238482029,818.5538540514581
2025-12-15 15:29:34.285714285,2,0 days 00:29:34.285714285,31,80.0,77.23333485921223,3,771.0954083846376,41.811287775315265,50.264082683953,52.401233325062954,0.05422323531001882,50.0,696.8641238482029,818.5538540514581
2025-12-15 15:29:42.857142857,2,0 days 00:29:42.857142857,31,73.30000305175781,77.23333485921223,3,771.0954083846376,41.811287775315265,50.264082683953,52.401233325062954,0.05422323531001882,50.0,696.8641238482029,818.5538540514581
2025-12-15 15:29:51.428571428,2,0 days 00:29:51.428571428,31,76.0,76.0,3,771.0954083846376,41.811287775315265,50.264082683953,52.401233325062954,0.05422323531001882,50.0,696.8641238482029,818.5538540514581
2025-12-15 15:30:00.000000000,2,0 days 00:30:00,32,76.0,86.06666564941406,1,791.0656672915545,300.98304912176206,471.97014214402486,516.5132741883024,0.3804779572247976,50.0,636.2672116465171,1463.4146341463415
2025-12-15 15:30:08.571428571,2,0 days 00:30:08.571428571,32,88.0999984741211,86.06666564941406,1,791.0656672915545,300.98304912176206,471.97014214402486,516.5132741883024,0.3804779572247976,50.0,636.2672116465171,1463.4146341463415
2025-12-15 15:30:17.142857142,2,0 days 00:30:17.142857142,32,94.0999984741211,86.06666564941406,1,791.0656672915545,300.98304912176206,471.97014214402486,516.5132741883024,0.3804779572247976,50.0,636.2672116465171,1463.4146341463415
2025-12-15 15:30:25.714285714,2,0 days 00:30:25.714285714,32,90.19999694824219,75.16666666666667,1,791.0656672915545,300.98304912176206,471.97014214402486,516.5132741883024,0.3804779572247976,50.0,636.2672116465171,1463.4146341463415
2025-12-15 15:30:34.285714285,2,0 days 00:30:34.285714285,32,41.0,75.16666666666667,1,791.0656672915545,300.98304912176206,471.97014214402486,516.5132741883024,0.3804779572247976,50.0,636.2672116465171,1463.4146341463415
2025-12-15 15:30:42.857142857,2,0 days 00:30:42.857142857,32,94.30000305175781,75.16666666666667,1,791.0656672915545,300.98304912176206,471.97014214402486,516.5132741883024,0.3804779572247976,50.0,636.2672116465171,1463.4146341463415
2025-12-15 15:30:51.428571428,2,0 days 00:30:51.428571428,32,90.30000305175781,90.30000305175781,1,791.0656672915545,300.98304912176206,471.97014214402486,516.5132741883024,0.3804779572247976,50.0,636.2672116465171,1463.4146341463415
2025-12-15 15:31:00.000000000,2,0 days 00:31:00,33,90.30000305175781,90.53333282470703,2,656.3304810420275,22.71992495792788,27.234386329441715,29.56098375857208,0.03461659272910263,0.0,612.2448979591836,686.498843849953
2025-12-15 15:31:08.571428571,2,0 days 00:31:08.571428571,33,90.69999694824219,90.53333282470703,2,656.3304810420275,22.71992495792788,27.234386329441715,29.56098375857208,0.03461659272910263,0.0,612.2448979591836,686.498843849953
2025-12-15 15:31:17.142857142,2,0 days 00:31:17.142857142,33,90.5999984741211,90.53333282470703,2,656.3304810420275,22.71992495792788,27.234386329441715,29.56098375857208,0.03461659272910263,0.0,612.2448979591836,686.498843849953
2025-12-15 15:31:25.714285714,2,0 days 00:31:25.714285714,33,92.80000305175781,93.86666870117188,2,656.3304810420275,22.71992495792788,27.234386329441715,29.56098375857208,0.03461659272910263,0.0,612.2448979591836,686.498843849953
2025-12-15 15:31:34.285714285,2,0 days 00:31:34.285714285,33,98.0,93.86666870117188,2,656.3304810420275,22.71992495792788,27.234386329441715,29.56098375857208,0.03461659272910263,0.0,612.2448979591836,686.498843849953
2025-12-15 15:31:42.857142857,2,0 days 00:31:42.857142857,33,90.80000305175781,93.86666870117188,2,656.3304810420275,22.71992495792788,27.234386329441715,29.56098375857208,0.03461659272910263,0.0,612.2448979591836,686.498843849953
2025-12-15 15:31:51.428571428,2,0 days 00:31:51.428571428,33,87.4000015258789,87.4000015258789,2,656.3304810420275,22.71992495792788,27.234386329441715,29.56098375857208,0.03461659272910263,0.0,612.2448979591836,686.498843849953
2025-12-15 15:32:00.000000000,2,0 days 00:32:00,34,87.4000015258789,85.8000005086263,2,729.9898999105977,30.098441966788403,17.496209552152024,12.456101567393432,0.04123131288593798,0.0,686.498843849953,766.2834950381655
2025-12-15 15:32:08.571428571,2,0 days 00:32:08.571428571,34,85.4000015258789,85.8000005086263,2,729.9898999105977,30.098441966788403,17.496209552152024,12.456101567393432,0.04123131288593798,0.0,686.498843849953,766.2834950381655
2025-12-15 15:32:17.142857142,2,0 days 00:32:17.142857142,34,84.5999984741211,85.8000005086263,2,729.9898999105977,30.098441966788403,17.496209552152024,12.456101567393432,0.04123131288593798,0.0,686.498843849953,766.2834950381655
2025-12-15 15:32:25.714285714,2,0 days 00:32:25.714285714,34,80.5,80.16666666666667,2,729.9898999105977,30.098441966788403,17.496209552152024,12.456101567393432,0.04123131288593798,0.0,686.498843849953,766.2834950381655
2025-12-15 15:32:34.285714285,2,0 days 00:32:34.285714285,34,80.19999694824219,80.16666666666667,2,729.9898999105977,30.098441966788403,17.496209552152024,12.456101567393432,0.04123131288593798,0.0,686.498843849953,766.2834950381655
2025-12-15 15:32:42.857142857,2,0 days 00:32:42.857142857,34,79.80000305175781,80.16666666666667,2,729.9898999105977,30.098441966788403,17.496209552152024,12.456101567393432,0.04123131288593798,0.0,686.498843849953,766.2834950381655
2025-12-15 15:32:51.428571428,2,0 days 00:32:51.428571428,34,78.30000305175781,78.30000305175781,2,729.9898999105977,30.098441966788403,17.496209552152024,12.456101567393432,0.04123131288593798,0.0,686.498843849953,766.2834950381655
2025-12-15 15:33:00.000000000,2,0 days 00:33:00,35,78.30000305175781,81.8000005086263,3,758.1107742976886,43.576156643084836,57.126319044532565,62.417009330634194,0.057479933171314765,66.66666666666666,685.7142857142857,824.1757896265809
2025-12-15 15:33:08.571428571,2,0 days 00:33:08.571428571,35,87.5,81.8000005086263,3,758.1107742976886,43.576156643084836,57.126319044532565,62.417009330634194,0.057479933171314765,66.66666666666666,685.7142857142857,824.1757896265809
2025-12-15 15:33:17.142857142,2,0 days 00:33:17.142857142,35,79.5999984741211,81.8000005086263,3,758.1107742976886,43.576156643084836,57.126319044532565,62.417009330634194,0.057479933171314765,66.66666666666666,685.7142857142857,824.1757896265809
2025-12-15 15:33:25.714285714,2,0 days 00:33:25.714285714,35,72.80000305175781,76.43333435058594,3,758.1107742976886,43.576156643084836,57.126319044532565,62.417009330634194,0.057479933171314765,66.66666666666666,685.7142857142857,824.1757896265809
2025-12-15 15:33:34.285714285,2,0 days 00:33:34.285714285,35,75.69999694824219,76.43333435058594,3,758.1107742976886,43.576156643084836,57.126319044532565,62.417009330634194,0.057479933171314765,66.66666666666666,685.7142857142857,824.1757896265809
2025-12-15 15:33:42.857142857,2,0 days 00:33:42.857142857,35,80.80000305175781,76.43333435058594,3,758.1107742976886,43.576156643084836,57.126319044532565,62.417009330634194,0.057479933171314765,66.66666666666666,685.7142857142857,824.1757896265809
2025-12-15 15:33:51.428571428,2,0 days 00:33:51.428571428,35,80.9000015258789,80.9000015258789,3,758.1107742976886,43.576156643084836,57.126319044532565,62.417009330634194,0.057479933171314765,66.66666666666666,685.7142857142857,824.1757896265809
2025-12-15 15:34:00.000000000,2,0 days 00:34:00,36,80.9000015258789,82.13333384195964,3,745.0678866811062,37.59695282603473,40.69543804508378,43.790274450112435,0.05046111032044314,16.666666666666664,710.0591715976332,806.4515963636092
2025-12-15 15:34:08.571428571,2,0 days 00:34:08.571428571,36,84.0,82.13333384195964,3,745.0678866811062,37.59695282603473,40.69543804508378,43.790274450112435,0.05046111032044314,16.666666666666664,710.0591715976332,806.4515963636092
2025-12-15 15:34:17.142857142,2,0 days 00:34:17.142857142,36,81.5,82.13333384195964,3,745.0678866811062,37.59695282603473,40.69543804508378,43.790274450112435,0.05046111032044314,16.666666666666664,710.0591715976332,806.4515963636092
2025-12-15 15:34:25.714285714,2,0 days 00:34:25.714285714,36,84.5,80.76666768391927,3,745.0678866811062,37.59695282603473,40.69543804508378,43.790274450112435,0.05046111032044314,16.666666666666664,710.0591715976332,806.4515963636092
2025-12-15 15:34:34.285714285,2,0 days 00:34:34.285714285,36,83.4000015258789,80.76666768391927,3,745.0678866811062,37.59695282603473,40.69543804508378,43.790274450112435,0.05046111032044314,16.666666666666664,710.0591715976332,806.4515963636092
2025-12-15 15:34:42.857142857,2,0 days 00:34:42.857142857,36,74.4000015258789,80.76666768391927,3,745.0678866811062,37.59695282603473,40.69543804508378,43.790274450112435,0.05046111032044314,16.666666666666664,710.0591715976332,806.4515963636092
2025-12-15 15:34:51.428571428,2,0 days 00:34:51.428571428,36,76.19999694824219,76.19999694824219,3,745.0678866811062,37.59695282603473,40.69543804508378,43.790274450112435,0.05046111032044314,16.666666666666664,710.0591715976332,806.4515963636092
2025-12-15 15:35:00.000000000,2,0 days 00:35:00,37,76.19999694824219,76.33333333333333,3,715.1356797505451,82.66882281451278,91.01434024965492,98.29647192315277,0.11559879496342493,66.66666666666666,575.2636456801024,811.9079669976558
2025-12-15 15:35:08.571428571,2,0 days 00:35:08.571428571,37,73.9000015258789,76.33333333333333,3,715.1356797505451,82.66882281451278,91.01434024965492,98.29647192315277,0.11559879496342493,66.66666666666666,575.2636456801024,811.9079669976558
2025-12-15 15:35:17.142857142,2,0 days 00:35:17.142857142,37,78.9000015258789,76.33333333333333,3,715.1356797505451,82.66882281451278,91.01434024965492,98.29647192315277,0.11559879496342493,66.66666666666666,575.2636456801024,811.9079669976558
2025-12-15 15:35:25.714285714,2,0 days 00:35:25.714285714,37,104.30000305175781,93.13333384195964,3,715.1356797505451,82.66882281451278,91.01434024965492,98.29647192315277,0.11559879496342493,66.66666666666666,575.2636456801024,811.9079669976558
2025-12-15 15:35:34.285714285,2,0 days 00:35:34.285714285,37,92.4000015258789,93.13333384195964,3,715.1356797505451,82.66882281451278,91.01434024965492,98.29647192315277,0.11559879496342493,66.66666666666666,575.2636456801024,811.9079669976558
2025-12-15 15:35:42.857142857,2,0 days 00:35:42.857142857,37,82.69999694824219,93.13333384195964,3,715.1356797505451,82.66882281451278,91.01434024965492,98.29647192315277,0.11559879496342493,66.66666666666666,575.2636456801024,811.9079669976558
2025-12-15 15:35:51.428571428,2,0 days 00:35:51.428571428,37,86.19999694824219,86.19999694824219,3,715.1356797505451,82.66882281451278,91.01434024965492,98.29647192315277,0.11559879496342493,66.66666666666666,575.2636456801024,811.9079669976558
2025-12-15 15:36:00.000000000,2,0 days 00:36:00,38,86.19999694824219,81.63333384195964,1,712.9341863963364,32.22245101510158,38.673920678098675,42.349037845163785,0.04519695033559295,16.666666666666664,687.2851993421767,775.1937831672889
2025-12-15 15:36:08.571428571,2,0 days 00:36:08.571428571,38,77.4000015258789,81.63333384195964,1,712.9341863963364,32.22245101510158,38.673920678098675,42.349037845163785,0.04519695033559295,16.666666666666664,687.2851993421767,775.1937831672889
2025-12-15 15:36:17.142857142,2,0 days 00:36:17.142857142,38,81.30000305175781,81.63333384195964,1,712.9341863963364,32.22245101510158,38.673920678098675,42.349037845163785,0.04519695033559295,16.666666666666664,687.2851993421767,775.1937831672889
2025-12-15 15:36:25.714285714,2,0 days 00:36:25.714285714,38,85.19999694824219,86.06666564941406,1,712.9341863963364,32.22245101510158,38.673920678098675,42.349037845163785,0.04519695033559295,16.666666666666664,687.2851993421767,775.1937831672889
2025-12-15 15:36:34.285714285,2,0 days 00:36:34.285714285,38,85.69999694824219,86.06666564941406,1,712.9341863963364,32.22245101510158,38.673920678098675,42.349037845163785,0.04519695033559295,16.666666666666664,687.2851993421767,775.1937831672889
2025-12-15 15:36:42.857142857,2,0 days 00:36:42.857142857,38,87.30000305175781,86.06666564941406,1,712.9341863963364,32.22245101510158,38.673920678098675,42.349037845163785,0.04519695033559295,16.666666666666664,687.2851993421767,775.1937831672889
2025-12-15 15:36:51.428571428,2,0 days 00:36:51.428571428,38,87.0,87.0,1,712.9341863963364,32.22245101510158,38.673920678098675,42.349037845163785,0.04519695033559295,16.666666666666664,687.2851993421767,775.1937831672889
2025-12-15 15:37:00.000000000,2,0 days 00:37:00,39,87.0,85.23333231608073,1,696.4800972970255,28.931153118130926,43.466809098358695,47.36584693178274,0.041539095274093316,33.33333333333333,662.9834254143647,750.0
2025-12-15 15:37:08.571428571,2,0 days 00:37:08.571428571,39,80.0,85.23333231608073,1,696.4800972970255,28.931153118130926,43.466809098358695,47.36584693178274,0.041539095274093316,33.33333333333333,662.9834254143647,750.0
2025-12-15 15:37:17.142857142,2,0 days 00:37:17.142857142,39,88.69999694824219,85.23333231608073,1,696.4800972970255,28.931153118130926,43.466809098358695,47.36584693178274,0.041539095274093316,33.33333333333333,662.9834254143647,750.0
2025-12-15 15:37:25.714285714,2,0 days 00:37:25.714285714,39,84.0999984741211,85.89999898274739,1,696.4800972970255,28.931153118130926,43.466809098358695,47.36584693178274,0.041539095274093316,33.33333333333333,662.9834254143647,750.0
2025-12-15 15:37:34.285714285,2,0 days 00:37:34.285714285,39,85.4000015258789,85.89999898274739,1,696.4800972970255,28.931153118130926,43.466809098358695,47.36584693178274,0.041539095274093316,33.33333333333333,662.9834254143647,750.0
2025-12-15 15:37:42.857142857,2,0 days 00:37:42.857142857,39,88.19999694824219,85.89999898274739,1,696.4800972970255,28.931153118130926,43.466809098358695,47.36584693178274,0.041539095274093316,33.33333333333333,662.9834254143647,750.0
2025-12-15 15:37:51.428571428,2,0 days 00:37:51.428571428,39,90.5,90.5,1,696.4800972970255,28.931153118130926,43.466809098358695,47.36584693178274,0.041539095274093316,33.33333333333333,662.9834254143647,750.0
2025-12-15 15:38:00.000000000,2,0 days 00:38:00,40,90.5,90.76666768391927,1,684.049099244194,23.28508905261222,22.20086008175519,23.963112465713934,0.03404008437163344,16.666666666666664,659.3406593406594,712.5890994613937
2025-12-15 15:38:08.571428571,2,0 days 00:38:08.571428571,40,90.80000305175781,90.76666768391927,1,684.049099244194,23.28508905261222,22.20086008175519,23.963112465713934,0.03404008437163344,16.666666666666664,659.3406593406594,712.5890994613937
2025-12-15 15:38:17.142857142,2,0 days 00:38:17.142857142,40,91.0,90.76666768391927,1,684.049099244194,23.28508905261222,22.20086008175519,23.963112465713934,0.03404008437163344,16.666666666666664,659.3406593406594,712.5890994613937
2025-12-15 15:38:25.714285714,2,0 days 00:38:25.714285714,40,84.5,84.93333180745442,1,684.049099244194,23.28508905261222,22.20086008175519,23.963112465713934,0.03404008437163344,16.666666666666664,659.3406593406594,712.5890994613937
2025-12-15 15:38:34.285714285,2,0 days 00:38:34.285714285,40,84.19999694824219,84.93333180745442,1,684.049099244194,23.28508905261222,22.20086008175519,23.963112465713934,0.03404008437163344,16.666666666666664,659.3406593406594,712.5890994613937
2025-12-15 15:38:42.857142857,2,0 days 00:38:42.857142857,40,86.0999984741211,84.93333180745442,1,684.049099244194,23.28508905261222,22.20086008175519,23.963112465713934,0.03404008437163344,16.666666666666664,659.3406593406594,712.5890994613937
2025-12-15 15:38:51.428571428,2,0 days 00:38:51.428571428,40,87.5,87.5,1,684.049099244194,23.28508905261222,22.20086008175519,23.963112465713934,0.03404008437163344,16.666666666666664,659.3406593406594,712.5890994613937
2025-12-15 15:39:00.000000000,2,0 days 00:39:00,41,87.5,86.6999994913737,1,691.8323988697174,6.883874820140906,10.307516884258119,11.164655385400726,0.009950205904475493,0.0,684.9315187799378,701.7543859649123
2025-12-15 15:39:10.000000000,2,0 days 00:39:10,41,85.5,86.6999994913737,1,691.8323988697174,6.883874820140906,10.307516884258119,11.164655385400726,0.009950205904475493,0.0,684.9315187799378,701.7543859649123
2025-12-15 15:39:20.000000000,2,0 days 00:39:20,41,87.0999984741211,86.6999994913737,1,691.8323988697174,6.883874820140906,10.307516884258119,11.164655385400726,0.009950205904475493,0.0,684.9315187799378,701.7543859649123
2025-12-15 15:39:30.000000000,2,0 days 00:39:30,41,87.5999984741211,86.76666768391927,1,691.8323988697174,6.883874820140906,10.307516884258119,11.164655385400726,0.009950205904475493,0.0,684.9315187799378,701.7543859649123
2025-12-15 15:39:40.000000000,2,0 days 00:39:40,41,86.80000305175781,86.76666768391927,1,691.8323988697174,6.883874820140906,10.307516884258119,11.164655385400726,0.009950205904475493,0.0,684.9315187799378,701.7543859649123
2025-12-15 15:39:50.000000000,2,0 days 00:39:50,41,85.9000015258789,86.76666768391927,1,691.8323988697174,6.883874820140906,10.307516884258119,11.164655385400726,0.009950205904475493,0.0,684.9315187799378,701.7543859649123
2025-12-15 15:40:00.000000000,2,0 days 00:40:00,42,85.9000015258789,86.06666564941406,1,697.0721272012372,8.646598229187372,13.947494851755284,15.277992164926463,0.012404165783967995,0.0,681.8181818181819,710.0591715976332
2025-12-15 15:40:08.571428571,2,0 days 00:40:08.571428571,42,85.5999984741211,86.06666564941406,1,697.0721272012372,8.646598229187372,13.947494851755284,15.277992164926463,0.012404165783967995,0.0,681.8181818181819,710.0591715976332
2025-12-15 15:40:17.142857142,2,0 days 00:40:17.142857142,42,86.69999694824219,86.06666564941406,1,697.0721272012372,8.646598229187372,13.947494851755284,15.277992164926463,0.012404165783967995,0.0,681.8181818181819,710.0591715976332
2025-12-15 15:40:25.714285714,2,0 days 00:40:25.714285714,42,88.0,86.1999994913737,1,697.0721272012372,8.646598229187372,13.947494851755284,15.277992164926463,0.012404165783967995,0.0,681.8181818181819,710.0591715976332
2025-12-15 15:40:34.285714285,2,0 days 00:40:34.285714285,42,84.5,86.1999994913737,1,697.0721272012372,8.646598229187372,13.947494851755284,15.277992164926463,0.012404165783967995,0.0,681.8181818181819,710.0591715976332
2025-12-15 15:40:42.857142857,2,0 days 00:40:42.857142857,42,86.0999984741211,86.1999994913737,1,697.0721272012372,8.646598229187372,13.947494851755284,15.277992164926463,0.012404165783967995,0.0,681.8181818181819,710.0591715976332
2025-12-15 15:40:51.428571428,2,0 days 00:40:51.428571428,42,85.80000305175781,85.80000305175781,1,697.0721272012372,8.646598229187372,13.947494851755284,15.277992164926463,0.012404165783967995,0.0,681.8181818181819,710.0591715976332
2025-12-15 15:41:00.000000000,2,0 days 00:41:00,43,85.80000305175781,85.33333333333333,1,675.179706959026,28.486339109422914,23.075027412391446,23.264690793620893,0.0421907513152667,0.0,642.3982764430195,716.8459042728804
2025-12-15 15:41:08.571428571,2,0 days 00:41:08.571428571,43,83.69999694824219,85.33333333333333,1,675.179706959026,28.486339109422914,23.075027412391446,23.264690793620893,0.0421907513152667,0.0,642.3982764430195,716.8459042728804
2025-12-15 15:41:17.142857142,2,0 days 00:41:17.142857142,43,86.5,85.33333333333333,1,675.179706959026,28.486339109422914,23.075027412391446,23.264690793620893,0.0421907513152667,0.0,642.3982764430195,716.8459042728804
2025-12-15 15:41:25.714285714,2,0 days 00:41:25.714285714,43,90.5,91.33333333333333,1,675.179706959026,28.486339109422914,23.075027412391446,23.264690793620893,0.0421907513152667,0.0,642.3982764430195,716.8459042728804
2025-12-15 15:41:34.285714285,2,0 days 00:41:34.285714285,43,93.4000015258789,91.33333333333333,1,675.179706959026,28.486339109422914,23.075027412391446,23.264690793620893,0.0421907513152667,0.0,642.3982764430195,716.8459042728804
2025-12-15 15:41:42.857142857,2,0 days 00:41:42.857142857,43,90.0999984741211,91.33333333333333,1,675.179706959026,28.486339109422914,23.075027412391446,23.264690793620893,0.0421907513152667,0.0,642.3982764430195,716.8459042728804
2025-12-15 15:41:51.428571428,2,0 days 00:41:51.428571428,43,93.0,93.0,1,675.179706959026,28.486339109422914,23.075027412391446,23.264690793620893,0.0421907513152667,0.0,642.3982764430195,716.8459042728804
2025-12-15 15:42:00.000000000,2,0 days 00:42:00,44,93.0,88.89999898274739,1,688.3549657173146,19.69716060154365,20.29809180444466,20.460636132524073,0.028614830403697045,0.0,645.1612903225806,703.3997403680463
2025-12-15 15:42:08.571428571,2,0 days 00:42:08.571428571,44,86.5999984741211,88.89999898274739,1,688.3549657173146,19.69716060154365,20.29809180444466,20.460636132524073,0.028614830403697045,0.0,645.1612903225806,703.3997403680463
2025-12-15 15:42:17.142857142,2,0 days 00:42:17.142857142,44,87.0999984741211,88.89999898274739,1,688.3549657173146,19.69716060154365,20.29809180444466,20.460636132524073,0.028614830403697045,0.0,645.1612903225806,703.3997403680463
2025-12-15 15:42:25.714285714,2,0 days 00:42:25.714285714,44,86.4000015258789,85.76666768391927,1,688.3549657173146,19.69716060154365,20.29809180444466,20.460636132524073,0.028614830403697045,0.0,645.1612903225806,703.3997403680463
2025-12-15 15:42:34.285714285,2,0 days 00:42:34.285714285,44,85.30000305175781,85.76666768391927,1,688.3549657173146,19.69716060154365,20.29809180444466,20.460636132524073,0.028614830403697045,0.0,645.1612903225806,703.3997403680463
2025-12-15 15:42:42.857142857,2,0 days 00:42:42.857142857,44,85.5999984741211,85.76666768391927,1,688.3549657173146,19.69716060154365,20.29809180444466,20.460636132524073,0.028614830403697045,0.0,645.1612903225806,703.3997403680463
2025-12-15 15:42:51.428571428,2,0 days 00:42:51.428571428,44,86.5999984741211,86.5999984741211,1,688.3549657173146,19.69716060154365,20.29809180444466,20.460636132524073,0.028614830403697045,0.0,645.1612903225806,703.3997403680463
2025-12-15 15:43:00.000000000,2,0 days 00:43:00,45,86.5999984741211,94.76666514078777,2,663.1746585007038,52.504252068037886,75.05778217068263,82.12617642070856,0.07917107717405665,50.0,562.8517904206724,729.0400701718867
2025-12-15 15:43:08.571428571,2,0 days 00:43:08.571428571,45,106.5999984741211,94.76666514078777,2,663.1746585007038,52.504252068037886,75.05778217068263,82.12617642070856,0.07917107717405665,50.0,562.8517904206724,729.0400701718867
2025-12-15 15:43:17.142857142,2,0 days 00:43:17.142857142,45,91.0999984741211,94.76666514078777,2,663.1746585007038,52.504252068037886,75.05778217068263,82.12617642070856,0.07917107717405665,50.0,562.8517904206724,729.0400701718867
2025-12-15 15:43:25.714285714,2,0 days 00:43:25.714285714,45,93.80000305175781,87.76666768391927,2,663.1746585007038,52.504252068037886,75.05778217068263,82.12617642070856,0.07917107717405665,50.0,562.8517904206724,729.0400701718867
2025-12-15 15:43:34.285714285,2,0 days 00:43:34.285714285,45,87.19999694824219,87.76666768391927,2,663.1746585007038,52.504252068037886,75.05778217068263,82.12617642070856,0.07917107717405665,50.0,562.8517904206724,729.0400701718867
2025-12-15 15:43:42.857142857,2,0 days 00:43:42.857142857,45,82.30000305175781,87.76666768391927,2,663.1746585007038,52.504252068037886,75.05778217068263,82.12617642070856,0.07917107717405665,50.0,562.8517904206724,729.0400701718867
2025-12-15 15:43:51.428571428,2,0 days 00:43:51.428571428,45,89.4000015258789,89.4000015258789,2,663.1746585007038,52.504252068037886,75.05778217068263,82.12617642070856,0.07917107717405665,50.0,562.8517904206724,729.0400701718867
2025-12-15 15:44:00.000000000,2,0 days 00:44:00,46,89.4000015258789,91.7000020345052,2,668.0371071975127,20.206060118540996,22.311072658474988,24.117313532677624,0.03024691278499122,0.0,643.0867956854753,692.8406588590178
2025-12-15 15:44:08.571428571,2,0 days 00:44:08.571428571,46,93.30000305175781,91.7000020345052,2,668.0371071975127,20.206060118540996,22.311072658474988,24.117313532677624,0.03024691278499122,0.0,643.0867956854753,692.8406588590178
2025-12-15 15:44:17.142857142,2,0 days 00:44:17.142857142,46,92.4000015258789,91.7000020345052,2,668.0371071975127,20.206060118540996,22.311072658474988,24.117313532677624,0.03024691278499122,0.0,643.0867956854753,692.8406588590178
2025-12-15 15:44:25.714285714,2,0 days 00:44:25.714285714,46,91.9000015258789,89.16666666666667,2,668.0371071975127,20.206060118540996,22.311072658474988,24.117313532677624,0.03024691278499122,0.0,643.0867956854753,692.8406588590178
2025-12-15 15:44:34.285714285,2,0 days 00:44:34.285714285,46,86.69999694824219,89.16666666666667,2,668.0371071975127,20.206060118540996,22.311072658474988,24.117313532677624,0.03024691278499122,0.0,643.0867956854753,692.8406588590178
2025-12-15 15:44:42.857142857,2,0 days 00:44:42.857142857,46,88.9000015258789,89.16666666666667,2,668.0371071975127,20.206060118540996,22.311072658474988,24.117313532677624,0.03024691278499122,0.0,643.0867956854753,692.8406588590178
2025-12-15 15:44:51.428571428,2,0 days 00:44:51.428571428,46,86.5999984741211,86.5999984741211,2,668.0371071975127,20.206060118540996,22.311072658474988,24.117313532677624,0.03024691278499122,0.0,643.0867956854753,692.8406588590178
2025-12-15 15:45:00.000000000,2,0 days 00:45:00,47,86.5999984741211,86.53333282470703,2,693.1982688434398,14.042928131944157,23.906457126916408,26.184519794252363,0.020258169650905145,0.0,672.6457629232283,715.9904273862843
2025-12-15 15:45:08.571428571,2,0 days 00:45:08.571428571,47,83.80000305175781,86.53333282470703,2,693.1982688434398,14.042928131944157,23.906457126916408,26.184519794252363,0.020258169650905145,0.0,672.6457629232283,715.9904273862843
2025-12-15 15:45:17.142857142,2,0 days 00:45:17.142857142,47,89.19999694824219,86.53333282470703,2,693.1982688434398,14.042928131944157,23.906457126916408,26.184519794252363,0.020258169650905145,0.0,672.6457629232283,715.9904273862843
2025-12-15 15:45:25.714285714,2,0 days 00:45:25.714285714,47,86.69999694824219,86.73333231608073,2,693.1982688434398,14.042928131944157,23.906457126916408,26.184519794252363,0.020258169650905145,0.0,672.6457629232283,715.9904273862843
2025-12-15 15:45:34.285714285,2,0 days 00:45:34.285714285,47,88.0999984741211,86.73333231608073,2,693.1982688434398,14.042928131944157,23.906457126916408,26.184519794252363,0.020258169650905145,0.0,672.6457629232283,715.9904273862843
2025-12-15 15:45:42.857142857,2,0 days 00:45:42.857142857,47,85.4000015258789,86.73333231608073,2,693.1982688434398,14.042928131944157,23.906457126916408,26.184519794252363,0.020258169650905145,0.0,672.6457629232283,715.9904273862843
2025-12-15 15:45:51.428571428,2,0 days 00:45:51.428571428,47,86.30000305175781,86.30000305175781,2,693.1982688434398,14.042928131944157,23.906457126916408,26.184519794252363,0.020258169650905145,0.0,672.6457629232283,715.9904273862843
2025-12-15 15:46:00.000000000,2,0 days 00:46:00,48,86.30000305175781,88.13333384195964,2,669.8737646504959,18.618738768407106,19.42950348087894,21.06926726197417,0.027794399110586697,0.0,641.7112299465241,695.2491063530488
2025-12-15 15:46:08.571428571,2,0 days 00:46:08.571428571,48,87.19999694824219,88.13333384195964,2,669.8737646504959,18.618738768407106,19.42950348087894,21.06926726197417,0.027794399110586697,0.0,641.7112299465241,695.2491063530488
2025-12-15 15:46:17.142857142,2,0 days 00:46:17.142857142,48,90.9000015258789,88.13333384195964,2,669.8737646504959,18.618738768407106,19.42950348087894,21.06926726197417,0.027794399110586697,0.0,641.7112299465241,695.2491063530488
2025-12-15 15:46:25.714285714,2,0 days 00:46:25.714285714,48,93.5,91.53333282470703,2,669.8737646504959,18.618738768407106,19.42950348087894,21.06926726197417,0.027794399110586697,0.0,641.7112299465241,695.2491063530488
2025-12-15 15:46:34.285714285,2,0 days 00:46:34.285714285,48,90.0,91.53333282470703,2,669.8737646504959,18.618738768407106,19.42950348087894,21.06926726197417,0.027794399110586697,0.0,641.7112299465241,695.2491063530488
2025-12-15 15:46:42.857142857,2,0 days 00:46:42.857142857,48,91.0999984741211,91.53333282470703,2,669.8737646504959,18.618738768407106,19.42950348087894,21.06926726197417,0.027794399110586697,0.0,641.7112299465241,695.2491063530488
2025-12-15 15:46:51.428571428,2,0 days 00:46:51.428571428,48,88.4000015258789,88.4000015258789,2,669.8737646504959,18.618738768407106,19.42950348087894,21.06926726197417,0.027794399110586697,0.0,641.7112299465241,695.2491063530488
2025-12-15 15:47:00.000000000,2,0 days 00:47:00,49,88.4000015258789,86.76666768391927,2,672.1895296899546,23.350632492902754,25.740219095964775,27.739775235702943,0.034738167527948796,20.0,644.4683242038735,703.3997403680463
2025-12-15 15:47:10.000000000,2,0 days 00:47:10,49,86.5999984741211,86.76666768391927,2,672.1895296899546,23.350632492902754,25.740219095964775,27.739775235702943,0.034738167527948796,20.0,644.4683242038735,703.3997403680463
2025-12-15 15:47:20.000000000,2,0 days 00:47:20,49,85.30000305175781,86.76666768391927,2,672.1895296899546,23.350632492902754,25.740219095964775,27.739775235702943,0.034738167527948796,20.0,644.4683242038735,703.3997403680463
2025-12-15 15:47:30.000000000,2,0 days 00:47:30,49,92.0,91.93333180745442,2,672.1895296899546,23.350632492902754,25.740219095964775,27.739775235702943,0.034738167527948796,20.0,644.4683242038735,703.3997403680463
2025-12-15 15:47:40.000000000,2,0 days 00:47:40,49,90.69999694824219,91.93333180745442,2,672.1895296899546,23.350632492902754,25.740219095964775,27.739775235702943,0.034738167527948796,20.0,644.4683242038735,703.3997403680463
2025-12-15 15:47:50.000000000,2,0 days 00:47:50,49,93.0999984741211,91.93333180745442,2,672.1895296899546,23.350632492902754,25.740219095964775,27.739775235702943,0.034738167527948796,20.0,644.4683242038735,703.3997403680463
2025-12-15 15:48:00.000000000,2,0 days 00:48:00,50,95.80000305175781,87.66666666666667,2,677.8921674636246,44.49192328265257,61.160243047675145,66.40255374942255,0.06563274428899489,80.0,623.700643486313,735.2941313966888
2025-12-15 15:48:10.000000000,2,0 days 00:48:10,50,85.5999984741211,87.66666666666667,2,677.8921674636246,44.49192328265257,61.160243047675145,66.40255374942255,0.06563274428899489,80.0,623.700643486313,735.2941313966888
2025-12-15 15:48:20.000000000,2,0 days 00:48:20,50,81.5999984741211,87.66666666666667,2,677.8921674636246,44.49192328265257,61.160243047675145,66.40255374942255,0.06563274428899489,80.0,623.700643486313,735.2941313966888
2025-12-15 15:48:30.000000000,2,0 days 00:48:30,50,88.0,90.0,2,677.8921674636246,44.49192328265257,61.160243047675145,66.40255374942255,0.06563274428899489,80.0,623.700643486313,735.2941313966888
2025-12-15 15:48:40.000000000,2,0 days 00:48:40,50,96.19999694824219,90.0,2,677.8921674636246,44.49192328265257,61.160243047675145,66.40255374942255,0.06563274428899489,80.0,623.700643486313,735.2941313966888
2025-12-15 15:48:50.000000000,2,0 days 00:48:50,50,85.80000305175781,90.0,2,677.8921674636246,44.49192328265257,61.160243047675145,66.40255374942255,0.06563274428899489,80.0,623.700643486313,735.2941313966888
2025-12-15 15:49:00.000000000,2,0 days 00:49:00,51,85.80000305175781,83.89999898274739,2,704.374044206854,17.804268182787077,24.739087599894663,26.871159290126595,0.025276723821979,0.0,681.0442796729977,729.9270343985465
2025-12-15 15:49:08.571428571,2,0 days 00:49:08.571428571,51,82.19999694824219,83.89999898274739,2,704.374044206854,17.804268182787077,24.739087599894663,26.871159290126595,0.025276723821979,0.0,681.0442796729977,729.9270343985465
2025-12-15 15:49:17.142857142,2,0 days 00:49:17.142857142,51,83.69999694824219,83.89999898274739,2,704.374044206854,17.804268182787077,24.739087599894663,26.871159290126595,0.025276723821979,0.0,681.0442796729977,729.9270343985465
2025-12-15 15:49:25.714285714,2,0 days 00:49:25.714285714,51,87.19999694824219,87.13333129882812,2,704.374044206854,17.804268182787077,24.739087599894663,26.871159290126595,0.025276723821979,0.0,681.0442796729977,729.9270343985465
2025-12-15 15:49:34.285714285,2,0 days 00:49:34.285714285,51,86.0999984741211,87.13333129882812,2,704.374044206854,17.804268182787077,24.739087599894663,26.871159290126595,0.025276723821979,0.0,681.0442796729977,729.9270343985465
2025-12-15 15:49:42.857142857,2,0 days 00:49:42.857142857,51,88.0999984741211,87.13333129882812,2,704.374044206854,17.804268182787077,24.739087599894663,26.871159290126595,0.025276723821979,0.0,681.0442796729977,729.9270343985465
2025-12-15 15:49:51.428571428,2,0 days 00:49:51.428571428,51,83.5,83.5,2,704.374044206854,17.804268182787077,24.739087599894663,26.871159290126595,0.025276723821979,0.0,681.0442796729977,729.9270343985465
2025-12-15 15:50:00.000000000,2,0 days 00:50:00,52,83.5,85.23333231608073,2,700.4229990359524,15.741112946515162,22.674308978096988,24.76882139267629,0.022473723690085705,0.0,674.1573033707865,718.562874251497
2025-12-15 15:50:08.571428571,2,0 days 00:50:08.571428571,52,85.19999694824219,85.23333231608073,2,700.4229990359524,15.741112946515162,22.674308978096988,24.76882139267629,0.022473723690085705,0.0,674.1573033707865,718.562874251497
2025-12-15 15:50:17.142857142,2,0 days 00:50:17.142857142,52,87.0,85.23333231608073,2,700.4229990359524,15.741112946515162,22.674308978096988,24.76882139267629,0.022473723690085705,0.0,674.1573033707865,718.562874251497
2025-12-15 15:50:25.714285714,2,0 days 00:50:25.714285714,52,83.9000015258789,86.5,2,700.4229990359524,15.741112946515162,22.674308978096988,24.76882139267629,0.022473723690085705,0.0,674.1573033707865,718.562874251497
2025-12-15 15:50:34.285714285,2,0 days 00:50:34.285714285,52,86.5999984741211,86.5,2,700.4229990359524,15.741112946515162,22.674308978096988,24.76882139267629,0.022473723690085705,0.0,674.1573033707865,718.562874251497
2025-12-15 15:50:42.857142857,2,0 days 00:50:42.857142857,52,89.0,86.5,2,700.4229990359524,15.741112946515162,22.674308978096988,24.76882139267629,0.022473723690085705,0.0,674.1573033707865,718.562874251497
2025-12-15 15:50:51.428571428,2,0 days 00:50:51.428571428,52,84.69999694824219,84.69999694824219,2,700.4229990359524,15.741112946515162,22.674308978096988,24.76882139267629,0.022473723690085705,0.0,674.1573033707865,718.562874251497
2025-12-15 15:51:00.000000000,2,0 days 00:51:00,53,84.69999694824219,88.53333282470703,1,678.818641320972,25.96506476861777,37.04116785185812,40.39333025678126,0.03825037084734459,16.666666666666664,643.7768451142813,711.7437464760434
2025-12-15 15:51:08.571428571,2,0 days 00:51:08.571428571,53,88.80000305175781,88.53333282470703,1,678.818641320972,25.96506476861777,37.04116785185812,40.39333025678126,0.03825037084734459,16.666666666666664,643.7768451142813,711.7437464760434
2025-12-15 15:51:17.142857142,2,0 days 00:51:17.142857142,53,92.0999984741211,88.53333282470703,1,678.818641320972,25.96506476861777,37.04116785185812,40.39333025678126,0.03825037084734459,16.666666666666664,643.7768451142813,711.7437464760434
2025-12-15 15:51:25.714285714,2,0 days 00:51:25.714285714,53,89.0999984741211,88.86666615804036,1,678.818641320972,25.96506476861777,37.04116785185812,40.39333025678126,0.03825037084734459,16.666666666666664,643.7768451142813,711.7437464760434
2025-12-15 15:51:34.285714285,2,0 days 00:51:34.285714285,53,93.19999694824219,88.86666615804036,1,678.818641320972,25.96506476861777,37.04116785185812,40.39333025678126,0.03825037084734459,16.666666666666664,643.7768451142813,711.7437464760434
2025-12-15 15:51:42.857142857,2,0 days 00:51:42.857142857,53,84.30000305175781,88.86666615804036,1,678.818641320972,25.96506476861777,37.04116785185812,40.39333025678126,0.03825037084734459,16.666666666666664,643.7768451142813,711.7437464760434
2025-12-15 15:51:51.428571428,2,0 days 00:51:51.428571428,53,87.30000305175781,87.30000305175781,1,678.818641320972,25.96506476861777,37.04116785185812,40.39333025678126,0.03825037084734459,16.666666666666664,643.7768451142813,711.7437464760434
2025-12-15 15:52:00.000000000,2,0 days 00:52:00,54,87.30000305175781,81.23333485921223,1,719.2803734572092,71.36990743510388,122.85600444685096,134.53917245040856,0.09922404401508358,66.66666666666666,655.7377049180328,869.5652173913044
2025-12-15 15:52:08.571428571,2,0 days 00:52:08.571428571,54,87.4000015258789,81.23333485921223,1,719.2803734572092,71.36990743510388,122.85600444685096,134.53917245040856,0.09922404401508358,66.66666666666666,655.7377049180328,869.5652173913044
2025-12-15 15:52:17.142857142,2,0 days 00:52:17.142857142,54,69.0,81.23333485921223,1,719.2803734572092,71.36990743510388,122.85600444685096,134.53917245040856,0.09922404401508358,66.66666666666666,655.7377049180328,869.5652173913044
2025-12-15 15:52:25.714285714,2,0 days 00:52:25.714285714,54,91.5,86.53333282470703,1,719.2803734572092,71.36990743510388,122.85600444685096,134.53917245040856,0.09922404401508358,66.66666666666666,655.7377049180328,869.5652173913044
2025-12-15 15:52:34.285714285,2,0 days 00:52:34.285714285,54,80.69999694824219,86.53333282470703,1,719.2803734572092,71.36990743510388,122.85600444685096,134.53917245040856,0.09922404401508358,66.66666666666666,655.7377049180328,869.5652173913044
2025-12-15 15:52:42.857142857,2,0 days 00:52:42.857142857,54,87.4000015258789,86.53333282470703,1,719.2803734572092,71.36990743510388,122.85600444685096,134.53917245040856,0.09922404401508358,66.66666666666666,655.7377049180328,869.5652173913044
2025-12-15 15:52:51.428571428,2,0 days 00:52:51.428571428,54,85.0,85.0,1,719.2803734572092,71.36990743510388,122.85600444685096,134.53917245040856,0.09922404401508358,66.66666666666666,655.7377049180328,869.5652173913044
2025-12-15 15:53:00.000000000,2,0 days 00:53:00,55,85.0,82.56666819254558,1,708.8622202048697,24.31856004023855,25.737007534413607,28.17900383072917,0.03430646936327089,0.0,671.8924742390469,738.0073523712214
2025-12-15 15:53:08.571428571,2,0 days 00:53:08.571428571,55,81.4000015258789,82.56666819254558,1,708.8622202048697,24.31856004023855,25.737007534413607,28.17900383072917,0.03430646936327089,0.0,671.8924742390469,738.0073523712214
2025-12-15 15:53:17.142857142,2,0 days 00:53:17.142857142,55,81.30000305175781,82.56666819254558,1,708.8622202048697,24.31856004023855,25.737007534413607,28.17900383072917,0.03430646936327089,0.0,671.8924742390469,738.0073523712214
2025-12-15 15:53:25.714285714,2,0 days 00:53:25.714285714,55,83.5,86.60000101725261,1,708.8622202048697,24.31856004023855,25.737007534413607,28.17900383072917,0.03430646936327089,0.0,671.8924742390469,738.0073523712214
2025-12-15 15:53:34.285714285,2,0 days 00:53:34.285714285,55,89.30000305175781,86.60000101725261,1,708.8622202048697,24.31856004023855,25.737007534413607,28.17900383072917,0.03430646936327089,0.0,671.8924742390469,738.0073523712214
2025-12-15 15:53:42.857142857,2,0 days 00:53:42.857142857,55,87.0,86.60000101725261,1,708.8622202048697,24.31856004023855,25.737007534413607,28.17900383072917,0.03430646936327089,0.0,671.8924742390469,738.0073523712214
2025-12-15 15:53:51.428571428,2,0 days 00:53:51.428571428,55,85.5999984741211,85.5999984741211,1,708.8622202048697,24.31856004023855,25.737007534413607,28.17900383072917,0.03430646936327089,0.0,671.8924742390469,738.0073523712214
2025-12-15 15:54:00.000000000,2,0 days 00:54:00,56,85.5999984741211,90.83333333333333,1,686.2194024301989,38.301514541977696,35.9479268069328,38.792926475219694,0.05581526025981707,16.666666666666664,627.6150727789184,738.0073523712214
2025-12-15 15:54:08.571428571,2,0 days 00:54:08.571428571,56,91.30000305175781,90.83333333333333,1,686.2194024301989,38.301514541977696,35.9479268069328,38.792926475219694,0.05581526025981707,16.666666666666664,627.6150727789184,738.0073523712214
2025-12-15 15:54:17.142857142,2,0 days 00:54:17.142857142,56,95.5999984741211,90.83333333333333,1,686.2194024301989,38.301514541977696,35.9479268069328,38.792926475219694,0.05581526025981707,16.666666666666664,627.6150727789184,738.0073523712214
2025-12-15 15:54:25.714285714,2,0 days 00:54:25.714285714,56,88.5,86.63333384195964,1,686.2194024301989,38.301514541977696,35.9479268069328,38.792926475219694,0.05581526025981707,16.666666666666664,627.6150727789184,738.0073523712214
2025-12-15 15:54:34.285714285,2,0 days 00:54:34.285714285,56,88.5999984741211,86.63333384195964,1,686.2194024301989,38.301514541977696,35.9479268069328,38.792926475219694,0.05581526025981707,16.666666666666664,627.6150727789184,738.0073523712214
2025-12-15 15:54:42.857142857,2,0 days 00:54:42.857142857,56,82.80000305175781,86.63333384195964,1,686.2194024301989,38.301514541977696,35.9479268069328,38.792926475219694,0.05581526025981707,16.666666666666664,627.6150727789184,738.0073523712214
2025-12-15 15:54:51.428571428,2,0 days 00:54:51.428571428,56,81.30000305175781,81.30000305175781,1,686.2194024301989,38.301514541977696,35.9479268069328,38.792926475219694,0.05581526025981707,16.666666666666664,627.6150727789184,738.0073523712214
2025-12-15 15:55:00.000000000,2,0 days 00:55:00,57,81.30000305175781,83.43333435058594,1,707.046589046008,16.731623339923022,14.272726927418306,14.367050943977018,0.023664103043758954,0.0,688.8633874985317,738.0073523712214
2025-12-15 15:55:08.571428571,2,0 days 00:55:08.571428571,57,83.30000305175781,83.43333435058594,1,707.046589046008,16.731623339923022,14.272726927418306,14.367050943977018,0.023664103043758954,0.0,688.8633874985317,738.0073523712214
2025-12-15 15:55:17.142857142,2,0 days 00:55:17.142857142,57,85.69999694824219,83.43333435058594,1,707.046589046008,16.731623339923022,14.272726927418306,14.367050943977018,0.023664103043758954,0.0,688.8633874985317,738.0073523712214
2025-12-15 15:55:25.714285714,2,0 days 00:55:25.714285714,57,86.30000305175781,86.26666768391927,1,707.046589046008,16.731623339923022,14.272726927418306,14.367050943977018,0.023664103043758954,0.0,688.8633874985317,738.0073523712214
2025-12-15 15:55:34.285714285,2,0 days 00:55:34.285714285,57,85.4000015258789,86.26666768391927,1,707.046589046008,16.731623339923022,14.272726927418306,14.367050943977018,0.023664103043758954,0.0,688.8633874985317,738.0073523712214
2025-12-15 15:55:42.857142857,2,0 days 00:55:42.857142857,57,87.0999984741211,86.26666768391927,1,707.046589046008,16.731623339923022,14.272726927418306,14.367050943977018,0.023664103043758954,0.0,688.8633874985317,738.0073523712214
2025-12-15 15:55:51.428571428,2,0 days 00:55:51.428571428,57,85.19999694824219,85.19999694824219,1,707.046589046008,16.731623339923022,14.272726927418306,14.367050943977018,0.023664103043758954,0.0,688.8633874985317,738.0073523712214
2025-12-15 15:56:00.000000000,2,0 days 00:56:00,58,85.19999694824219,86.53333282470703,1,685.1146672875309,12.101507877291299,11.898441615744922,12.78909720339878,0.01766347803529435,0.0,669.6428685468072,704.2253773371514
2025-12-15 15:56:08.571428571,2,0 days 00:56:08.571428571,58,86.9000015258789,86.53333282470703,1,685.1146672875309,12.101507877291299,11.898441615744922,12.78909720339878,0.01766347803529435,0.0,669.6428685468072,704.2253773371514
2025-12-15 15:56:17.142857142,2,0 days 00:56:17.142857142,58,87.5,86.53333282470703,1,685.1146672875309,12.101507877291299,11.898441615744922,12.78909720339878,0.01766347803529435,0.0,669.6428685468072,704.2253773371514
2025-12-15 15:56:25.714285714,2,0 days 00:56:25.714285714,58,87.5999984741211,88.89999898274739,1,685.1146672875309,12.101507877291299,11.898441615744922,12.78909720339878,0.01766347803529435,0.0,669.6428685468072,704.2253773371514
2025-12-15 15:56:34.285714285,2,0 days 00:56:34.285714285,58,89.5999984741211,88.89999898274739,1,685.1146672875309,12.101507877291299,11.898441615744922,12.78909720339878,0.01766347803529435,0.0,669.6428685468072,704.2253773371514
2025-12-15 15:56:42.857142857,2,0 days 00:56:42.857142857,58,89.5,88.89999898274739,1,685.1146672875309,12.101507877291299,11.898441615744922,12.78909720339878,0.01766347803529435,0.0,669.6428685468072,704.2253773371514
2025-12-15 15:56:51.428571428,2,0 days 00:56:51.428571428,58,86.9000015258789,86.9000015258789,1,685.1146672875309,12.101507877291299,11.898441615744922,12.78909720339878,0.01766347803529435,0.0,669.6428685468072,704.2253773371514
2025-12-15 15:57:00.000000000,2,0 days 00:57:00,59,86.9000015258789,85.76666768391927,1,681.6806345970246,24.25702592810795,36.19556213586416,39.38112566515438,0.03558414996261041,33.33333333333333,646.5517028758705,710.9004610811846
2025-12-15 15:57:08.571428571,2,0 days 00:57:08.571428571,59,84.4000015258789,85.76666768391927,1,681.6806345970246,24.25702592810795,36.19556213586416,39.38112566515438,0.03558414996261041,33.33333333333333,646.5517028758705,710.9004610811846
2025-12-15 15:57:17.142857142,2,0 days 00:57:17.142857142,59,86.0,85.76666768391927,1,681.6806345970246,24.25702592810795,36.19556213586416,39.38112566515438,0.03558414996261041,33.33333333333333,646.5517028758705,710.9004610811846
2025-12-15 15:57:25.714285714,2,0 days 00:57:25.714285714,59,92.80000305175781,89.76666768391927,1,681.6806345970246,24.25702592810795,36.19556213586416,39.38112566515438,0.03558414996261041,33.33333333333333,646.5517028758705,710.9004610811846
2025-12-15 15:57:34.285714285,2,0 days 00:57:34.285714285,59,85.5999984741211,89.76666768391927,1,681.6806345970246,24.25702592810795,36.19556213586416,39.38112566515438,0.03558414996261041,33.33333333333333,646.5517028758705,710.9004610811846
2025-12-15 15:57:42.857142857,2,0 days 00:57:42.857142857,59,90.9000015258789,89.76666768391927,1,681.6806345970246,24.25702592810795,36.19556213586416,39.38112566515438,0.03558414996261041,33.33333333333333,646.5517028758705,710.9004610811846
2025-12-15 15:57:51.428571428,2,0 days 00:57:51.428571428,59,90.19999694824219,90.19999694824219,1,681.6806345970246,24.25702592810795,36.19556213586416,39.38112566515438,0.03558414996261041,33.33333333333333,646.5517028758705,710.9004610811846
2025-12-15 15:58:00.000000000,2,0 days 00:58:00,60,90.19999694824219,87.13333384195964,1,688.1205783186691,24.148353745181737,34.78175375226194,37.85552955522928,0.035093200968041124,0.0,655.7377049180328,724.6376544514659
2025-12-15 15:58:08.571428571,2,0 days 00:58:08.571428571,60,84.4000015258789,87.13333384195964,1,688.1205783186691,24.148353745181737,34.78175375226194,37.85552955522928,0.035093200968041124,0.0,655.7377049180328,724.6376544514659
2025-12-15 15:58:17.142857142,2,0 days 00:58:17.142857142,60,86.80000305175781,87.13333384195964,1,688.1205783186691,24.148353745181737,34.78175375226194,37.85552955522928,0.035093200968041124,0.0,655.7377049180328,724.6376544514659
2025-12-15 15:58:25.714285714,2,0 days 00:58:25.714285714,60,82.80000305175781,87.5,1,688.1205783186691,24.148353745181737,34.78175375226194,37.85552955522928,0.035093200968041124,0.0,655.7377049180328,724.6376544514659
2025-12-15 15:58:34.285714285,2,0 days 00:58:34.285714285,60,88.19999694824219,87.5,1,688.1205783186691,24.148353745181737,34.78175375226194,37.85552955522928,0.035093200968041124,0.0,655.7377049180328,724.6376544514659
2025-12-15 15:58:42.857142857,2,0 days 00:58:42.857142857,60,91.5,87.5,1,688.1205783186691,24.148353745181737,34.78175375226194,37.85552955522928,0.035093200968041124,0.0,655.7377049180328,724.6376544514659
2025-12-15 15:58:51.428571428,2,0 days 00:58:51.428571428,60,87.0999984741211,87.0999984741211,1,688.1205783186691,24.148353745181737,34.78175375226194,37.85552955522928,0.035093200968041124,0.0,655.7377049180328,724.6376544514659
2025-12-15 15:59:00.000000000,2,0 days 00:59:00,61,87.0999984741211,87.43333435058594,1,676.7019006149394,17.01567372141707,27.17887260629293,29.5813304590453,0.025145006547128677,0.0,645.855748272361,694.4444321801144
2025-12-15 15:59:08.571428571,2,0 days 00:59:08.571428571,61,88.30000305175781,87.43333435058594,1,676.7019006149394,17.01567372141707,27.17887260629293,29.5813304590453,0.025145006547128677,0.0,645.855748272361,694.4444321801144
2025-12-15 15:59:17.142857142,2,0 days 00:59:17.142857142,61,86.9000015258789,87.43333435058594,1,676.7019006149394,17.01567372141707,27.17887260629293,29.5813304590453,0.025145006547128677,0.0,645.855748272361,694.4444321801144
2025-12-15 15:59:25.714285714,2,0 days 00:59:25.714285714,61,89.9000015258789,89.73333485921223,1,676.7019006149394,17.01567372141707,27.17887260629293,29.5813304590453,0.025145006547128677,0.0,645.855748272361,694.4444321801144
2025-12-15 15:59:34.285714285,2,0 days 00:59:34.285714285,61,86.4000015258789,89.73333485921223,1,676.7019006149394,17.01567372141707,27.17887260629293,29.5813304590453,0.025145006547128677,0.0,645.855748272361,694.4444321801144
2025-12-15 15:59:42.857142857,2,0 days 00:59:42.857142857,61,92.9000015258789,89.73333485921223,1,676.7019006149394,17.01567372141707,27.17887260629293,29.5813304590453,0.025145006547128677,0.0,645.855748272361,694.4444321801144
2025-12-15 15:59:51.428571428,2,0 days 00:59:51.428571428,61,89.5,89.5,1,676.7019006149394,17.01567372141707,27.17887260629293,29.5813304590453,0.025145006547128677,0.0,645.855748272361,694.4444321801144
